Country Code,IMF Country Code,Country,Indicator Type,Series Name,199001,199002,199003,199004,199005,199006,199007,199008,199009,199010,199011,199012,199101,199102,199103,199104,199105,199106,199107,199108,199109,199110,199111,199112,199201,199202,199203,199204,199205,199206,199207,199208,199209,199210,199211,199212,199301,199302,199303,199304,199305,199306,199307,199308,199309,199310,199311,199312,199401,199402,199403,199404,199405,199406,199407,199408,199409,199410,199411,199412,199501,199502,199503,199504,199505,199506,199507,199508,199509,199510,199511,199512,199601,199602,199603,199604,199605,199606,199607,199608,199609,199610,199611,199612,199701,199702,199703,199704,199705,199706,199707,199708,199709,199710,199711,199712,199801,199802,199803,199804,199805,199806,199807,199808,199809,199810,199811,199812,199901,199902,199903,199904,199905,199906,199907,199908,199909,199910,199911,199912,200001,200002,200003,200004,200005,200006,200007,200008,200009,200010,200011,200012,200101,200102,200103,200104,200105,200106,200107,200108,200109,200110,200111,200112,200201,200202,200203,200204,200205,200206,200207,200208,200209,200210,200211,200212,200301,200302,200303,200304,200305,200306,200307,200308,200309,200310,200311,200312,200401,200402,200403,200404,200405,200406,200407,200408,200409,200410,200411,200412,200501,200502,200503,200504,200505,200506,200507,200508,200509,200510,200511,200512,200601,200602,200603,200604,200605,200606,200607,200608,200609,200610,200611,200612,200701,200702,200703,200704,200705,200706,200707,200708,200709,200710,200711,200712,200801,200802,200803,200804,200805,200806,200807,200808,200809,200810,200811,200812,200901,200902,200903,200904,200905,200906,200907,200908,200909,200910,200911,200912,201001,201002,201003,201004,201005,201006,201007,201008,201009,201010,201011,201012,201101,201102,201103,201104,201105,201106,201107,201108,201109,201110,201111,201112,201201,201202,201203,201204,201205,201206,201207,201208,201209,201210,201211,201212,201301,201302,201303,201304,201305,201306,201307,201308,201309,201310,201311,201312,201401,201402,201403,201404,201405,201406,201407,201408,201409,201410,201411,201412,201501,201502,201503,201504,201505,201506,201507,201508,201509,201510,201511,201512,201601,201602,201603,201604,201605,201606,201607,201608,201609,201610,201611,201612,201701,201702,201703,201704,201705,201706,201707,201708,201709,201710,201711,201712,201801,201802,201803,201804,201805,201806,201807,201808,201809,201810,201811,201812,201901,201902,201903,201904,201905,201906,201907,201908,201909,201910,201911,201912,202001,202002,202003,202004,202005,202006,202007,202008,202009,202010,202011,202012,202101,202102,202103,202104,202105,202106,202107,202108,202109,202110,202111,202112,202201,202202,202203,202204,202205,202206,202207,202208,202209,202210,202211,202212,202301,202302,202303,202304,202305,202306,202307,202308,202309,202310,202311,202312,Data source,Note
AUT,122,Austria,Index,Headline Consumer Price Index,58.3,58.7,58.7,58.9,58.9,59.1,59.8,60.1,60,60.1,59.9,59.9,60.2,60.6,60.8,60.9,60.9,61.3,62,62.4,61.9,61.7,61.8,61.7,62.5,63.1,63.3,63.3,63.5,63.7,64.5,64.8,64.3,64.2,64.3,64.3,65.1,65.5,65.7,65.7,65.8,66,66.8,67,66.5,66.4,66.5,66.6,67.1,67.5,67.7,67.7,67.8,67.9,68.7,69.1,68.6,68.4,68.3,68.3,68.8,69.1,69.4,69.4,69.4,69.7,70.2,70.6,69.9,69.7,69.6,69.6,70,70.3,70.6,70.6,70.5,70.8,71.5,71.9,71.3,71.2,71.2,71.2,71.4,71.7,71.8,71.8,71.8,71.8,71.8,71.8,71.8,72,72,72.2,72.3,72.4,72.5,72.6,72.5,72.5,72.5,72.5,72.5,72.5,72.6,72.7,72.6,72.8,72.8,72.8,72.9,72.8,72.8,72.8,72.8,73.1,73.2,73.7,73.5,74,74.2,74.1,74.2,74.8,74.8,74.8,75,75.2,75.4,75.6,75.7,76,76.1,76.5,76.6,76.8,76.9,76.7,76.9,77,76.9,77.1,77.3,77.4,77.5,77.8,78.1,78.1,78.1,78.2,78.2,78.4,78.3,78.5,78.7,78.7,79,78.9,78.9,79,79,79.2,79.3,79.2,79.3,79.5,79.6,79.8,80.1,80.1,80.5,80.8,80.7,81,81,81.3,81.4,81.8,81.9,82.1,82.5,82.4,82.4,82.7,82.6,82.6,82.8,82.9,82.6,82.9,82.9,83.1,83.3,83.8,83.8,83.9,83.8,84.1,83.9,83.8,83.9,84.2,84.2,84.4,84.8,85.2,85.5,85.6,85.6,85.5,85.7,86.2,86.6,87.2,86.9,87.1,87.8,88.1,88.6,88.9,88.8,88.6,88.9,88.8,88.5,88.4,88,88.3,88.5,88.6,88.9,88.8,88.5,88.9,89,89,89.1,89.3,89,89.2,90.2,90.4,90.5,90.5,90.2,90.4,90.6,90.9,90.8,91.4,91.3,91.9,93,93.4,93.5,93.5,93.4,93.5,93.9,94,94.1,94.3,93.8,94.3,95.2,95.6,95.5,95.6,95.3,95.6,96.4,96.6,96.7,96.9,96.3,96.6,97.4,97.5,97.7,97.7,97.2,97.3,98,98,98,98.7,97.9,98,99,99.1,99.4,99.5,99,99,99.6,99.5,99.7,99.7,98.6,98.9,100,100.2,100.4,100.5,100.1,99.9,100.3,100.2,100.3,100.7,99.8,99.9,100.7,100.7,101,101.1,100.7,100.5,101.2,101.5,101.6,102.1,101.8,102.1,102.6,102.8,102.9,103,102.7,102.6,103.6,103.7,103.9,104.3,103.6,103.9,104.5,104.7,104.9,105.1,104.9,104.9,105.7,106,106.2,106.3,105.5,105.5,106.4,106.5,106.7,106.8,106.4,106.5,107,107.2,107.4,108.1,107.6,107.7,108,108,107.4,107.9,108.1,107.9,108.3,108.6,108.7,109.3,108.5,109,110.2,110.1,110.4,110.9,111.3,111.4,111.9,112.6,113.3,114,113.9,115.3,117.6,118,118.9,120.6,121.8,121.8,123.8,125,125.3,125.5,126.6,127.8,128.5,129.3,129.5,130.2,130.3,130.7,131.3,131.7,132,132.6,OECDstat,
BEL,124,Belgium,Index,Headline Consumer Price Index,60.2,60.3,60.5,60.7,60.8,60.8,61,61.4,61.9,62.3,62.1,62,62.5,62.7,62.5,62.5,62.7,63,63.3,63.5,63.5,63.7,63.9,63.8,63.9,64.1,64.1,64.2,64.5,64.7,65,64.8,65,65.1,65.3,65.3,65.7,65.9,66,66.1,66.2,66.2,66.6,66.9,66.8,66.9,67,67.1,67.3,67.6,67.6,67.7,67.9,68,68.4,68.5,68.4,68.3,68.3,68.3,68.6,68.8,68.7,68.8,68.8,68.9,69.3,69.4,69.2,69.1,69.3,69.3,69.9,70.1,70.1,70.2,70.1,70.1,70.6,70.8,70.6,70.8,70.9,71.1,71.6,71.5,71.1,71.1,71.2,71.4,71.9,72.1,71.8,71.8,71.9,71.9,71.9,72,71.9,72.2,72.6,72.5,72.7,72.4,72.4,72.4,72.4,72.3,72.5,72.7,72.8,73,73.2,73,73.1,73.1,73.2,73.3,73.5,73.7,73.8,74.1,74.4,74.5,74.8,75,75.2,75.2,75.7,75.5,75.7,75.5,75.5,75.8,76,76.6,77.1,77.2,77.2,77.2,77.4,77.3,77.4,77.2,77.6,77.8,78,78,78.1,77.9,78.2,78.1,78.4,78.3,78.2,78.2,78.6,79.1,79.4,79.2,78.9,79.2,79.3,79.5,79.8,79.5,79.7,79.6,79.8,80.1,80.2,80.7,81,80.9,81.2,81.3,81.4,81.8,81.7,81.4,81.6,82.2,82.7,82.9,83,83.3,83.8,83.9,84,83.8,83.8,83.8,83.8,84.2,84.1,84.5,84.8,84.8,85.1,85.2,85,84.8,85,85.1,85.2,85.6,85.6,86,85.9,85.9,86.3,86.2,86.3,86.7,87.5,87.8,88.1,88.8,89.4,89.6,90.4,90.9,91.4,90.8,91,90.8,90.3,90.1,90.2,90.5,90,90.1,90.1,89.9,89.8,90.1,89.9,89.9,90.2,90.3,90.7,91.1,91.4,91.8,92.1,92.1,92.2,92.2,92.5,92.6,92.8,93.1,93.6,94.2,94.7,94.9,95.2,95.5,95.6,95.5,95.8,95.9,96.3,96.4,97.1,97.6,97.8,97.9,97.9,97.7,97.8,98.3,98.4,98.6,98.5,98.5,98.5,98.8,98.9,98.9,99,99.2,99.3,99.3,99.3,99.2,99.3,99.5,99.6,99.8,99.8,99.5,99.4,99.5,99.7,99.3,99.2,99.3,99.2,99.1,99,99.4,99.4,99.8,100,100.1,100.1,100.2,100.2,100.6,100.7,100.6,100.7,100.7,101.7,101.8,102.2,102.3,102.4,102.3,102.1,102.4,102.5,102.6,103.3,103.7,104,104.2,104.1,103.9,104.2,104.3,104.2,104.5,104.6,104.8,105.1,105.3,105.4,105.7,106,106.1,106.5,106.6,106.6,107.3,107.5,107.3,107.2,107.5,107.9,107.9,108,107.9,108,108,107.5,107.9,107.9,108.1,108.7,108.7,108.6,108.6,108.5,108.5,108.8,108.8,108.4,108.7,108.5,108.5,109,109.2,109.5,109.9,110.1,110.3,111.2,111.8,111.5,113.2,114.6,114.7,117.3,118,118.6,119,119.9,120.9,121.9,122.9,124.1,127.1,126.8,126.6,126.7,125.8,126.5,125.7,126.2,126,127,128,127.1,127.5,127.7,128.3,OECDstat,
CAN,156,Canada,Index,Headline Consumer Price Index,60.6,61,61.2,61.2,61.5,61.8,62,62.1,62.3,62.8,63.2,63.1,64.8,64.8,65,65,65.3,65.7,65.7,65.8,65.7,65.6,65.8,65.5,65.8,65.8,66.1,66.1,66.2,66.4,66.5,66.5,66.5,66.6,66.9,66.9,67.2,67.4,67.3,67.3,67.5,67.5,67.6,67.7,67.7,67.9,68.2,68,68,67.5,67.5,67.5,67.3,67.5,67.7,67.8,67.9,67.7,68.1,68.2,68.4,68.7,68.9,69.1,69.3,69.3,69.4,69.3,69.4,69.3,69.5,69.4,69.5,69.6,69.9,70.1,70.3,70.3,70.3,70.3,70.4,70.6,70.9,70.9,71,71.2,71.3,71.3,71.3,71.5,71.5,71.6,71.6,71.6,71.5,71.4,71.8,71.9,72,71.9,72.1,72.2,72.2,72.2,72.1,72.4,72.4,72.1,72.3,72.4,72.7,73.1,73.2,73.4,73.6,73.7,74,74,74,74,73.9,74.3,74.9,74.7,75,75.5,75.7,75.6,75.9,76.1,76.3,76.4,76.1,76.5,76.7,77.3,77.9,78,77.7,77.7,77.9,77.5,76.8,77,77.1,77.6,78.1,78.6,78.8,78.9,79.4,79.7,79.7,80,80.2,79.9,80.6,81.2,81.5,80.9,81,81,81.1,81.3,81.5,81.2,81.5,81.5,81.6,81.8,82.1,82.2,83,83,83,82.8,83,83.1,83.4,83.3,83.2,83.5,84,84.2,84.3,84.5,84.6,84.9,85.6,85.3,85.1,85,85.5,85.3,85.8,86.3,86.7,86.5,86.6,86.8,86.3,86.1,86.3,86.4,86.4,87.1,87.8,88.2,88.6,88.4,88.5,88.3,88.4,88.2,88.4,88.5,88.3,88.6,89,89.7,90.5,91.2,91.5,91.3,91.4,90.5,90.2,89.5,89.3,89.9,90.1,90,90.6,90.9,90.6,90.6,90.6,90.5,91,90.7,90.9,91.3,91.3,91.7,91.9,91.8,92.3,92.2,92.4,92.8,92.8,92.8,93.1,93.3,94.3,94.7,95.3,94.7,94.8,95,95.3,95.4,95.5,95,95.4,95.8,96.2,96.5,96.5,96.1,96,96.2,96.4,96.5,96.3,95.8,95.8,96.9,97.1,96.9,97.2,97.2,97.3,97.3,97.4,97.2,97.2,96.9,97.3,98.1,98.6,98.9,99.4,99.5,99.3,99.3,99.4,99.5,99.1,98.4,98.2,99.1,99.8,99.7,100.3,100.5,100.6,100.6,100.4,100.5,100.4,99.9,100.2,100.4,101.1,101.4,101.8,102,101.8,101.7,101.8,102,101.6,101.4,102.3,102.5,102.6,103,103.1,103,103,103.1,103.3,103.4,103.7,103.3,104.1,104.7,105,105.3,105.4,105.6,106.1,106,105.6,106,105.5,105.4,105.6,106.3,107,107.5,107.9,107.7,108.2,108.1,107.6,107.9,107.8,107.8,108.1,108.6,107.9,107.2,107.5,108.4,108.4,108.2,108.2,108.6,108.8,108.6,109.2,109.7,110.3,110.9,111.4,111.7,112.4,112.7,112.9,113.7,113.9,113.8,114.8,116,117.6,118.4,120,120.8,121,120.6,120.6,121.5,121.7,121,121.6,122.1,122.7,123.6,124,124.2,124.9,125.4,125.2,125.3,125.5,125.1,OECDstat,
CHE,146,Switzerland,Index,Headline Consumer Price Index,75.5,75.8,76,76.2,76.6,76.7,76.7,77.5,77.9,78.4,79.1,79.1,79.7,80.5,80.5,80.7,81.4,81.7,81.7,82.2,82.3,82.4,83.4,83.2,83.6,84.2,84.4,84.6,84.8,85.1,84.9,85.1,85.2,85.3,86.1,86,86.5,87,87.5,87.8,87.8,87.8,87.7,88.2,88.1,88.2,88.1,88.2,88.3,88.6,88.6,88.7,88.1,88.3,88.2,88.6,88.6,88.6,88.6,88.5,89.2,90,90,90.1,89.9,90.1,90,90.3,90.4,90.3,90.2,90.3,90.5,90.7,90.8,90.9,90.6,90.8,90.6,90.9,90.9,91.1,90.9,91,91.3,91.4,91.3,91.4,91.1,91.2,91.1,91.3,91.3,91.3,91.3,91.3,91.3,91.4,91.3,91.4,91.2,91.3,91.2,91.4,91.3,91.3,91.2,91.2,91.4,91.7,91.8,91.9,91.7,91.8,91.8,92.3,92.5,92.5,92.4,92.7,92.8,93.1,93.1,93.2,93.2,93.5,93.6,93.3,93.8,93.7,94.1,94.1,94,93.9,94,94.3,94.8,95,94.8,94.3,94.4,94.3,94.4,94.4,94.5,94.5,94.5,95.3,95.4,95.3,94.8,94.8,94.9,95.4,95.3,95.2,95.3,95.4,95.8,96,95.8,95.8,95,95.3,95.4,95.9,95.8,95.8,95.5,95.5,95.7,96.5,96.7,96.9,95.9,96.2,96.2,97.1,97.2,97.1,96.6,96.8,97.1,97.8,97.8,97.5,97,97.1,97.6,98.4,98.1,98,97.9,98.2,98.1,98.9,99.1,99.1,98.4,98.5,98.3,98.7,98.6,98.6,98,98.1,98.2,99.3,99.6,99.7,99.1,99,99.1,99.9,100.4,100.6,100.3,100.5,100.8,101.6,102.4,102.6,102.1,101.9,102,102.5,101.8,101.3,100.5,100.7,100.4,101.3,101.4,101.6,100.9,101,101,101.7,101.9,101.6,101.5,101.6,101.8,102.7,102.5,102.1,101.4,101.3,101.3,101.9,102.1,102.1,101.8,102.2,102.8,102.9,102.9,102.7,101.8,101.5,101.8,101.7,101.6,101.4,101,101.3,101.8,101.9,101.9,101.6,101.1,101.1,101.4,101.5,101.2,101,100.7,101,101.2,101.3,101.4,101.5,101.1,101,101.3,101.3,101.3,101,100.8,100.9,101.2,101.3,101.6,101.5,101.1,101.1,101.2,101.2,101.2,100.7,100.3,100,100.3,100.2,100.4,100.5,99.8,99.7,99.8,99.9,99.8,99.4,99,99.2,99.5,99.8,99.9,100.1,99.6,99.5,99.6,99.7,99.5,99.4,99.3,99.8,100,100.2,100.4,100.3,100,100,100.3,100.3,100.2,100.2,100.1,100.5,100.8,101,101.4,101.4,101.2,101.2,101.2,101.4,101.2,100.9,100.6,101,101.6,101.8,102.1,102,101.5,101.5,101.4,101.2,101,101.1,100.8,101,101,100.7,100.7,100.7,100.6,100.6,100.6,100.6,100.3,100.2,100.3,100.5,100.8,101,101.3,101.4,101.3,101.5,101.5,101.8,101.9,101.8,101.9,102.6,103.2,103.6,104.3,104.8,104.7,105,104.8,104.9,104.9,104.7,105.3,106.1,106.2,106.2,106.5,106.6,106.4,106.7,106.6,106.7,106.4,106.5,OECDstat,
CHL,228,Chile,Index,Headline Consumer Price Index,22.8,22.9,23.4,23.8,24.2,24.7,25.1,25.6,26.9,27.9,28.2,28.3,28.4,28.5,28.8,29.3,30.1,30.6,31.2,31.6,32,32.9,33.2,33.6,34,33.8,34,34.4,34.8,35.1,35.4,36,36.8,37.3,37.8,37.9,37.9,38.1,38.3,38.8,39.4,39.6,40,40.8,41.3,42.4,42.4,42.5,43,43.1,43.6,43.8,44.4,44.6,44.9,45.4,45.6,45.9,46.2,46.3,46.6,46.8,47.1,47.4,47.7,48.1,48.5,49.3,49.5,49.9,50,50.1,50.2,50.5,50.9,51.4,51.8,52,52.2,52.4,52.7,53,53.2,53.4,53.7,54.1,54.3,54.5,54.6,54.8,55.1,55.3,55.8,56.5,56.6,56.7,57.1,57,57.2,57.4,57.5,57.7,58,58.2,58.5,58.9,59,59.3,59.1,59.1,59.5,59.7,59.8,59.9,59.9,60.1,60.2,60.4,60.5,60.7,60.8,61.1,61.6,61.9,62,62.1,62.2,62.4,62.8,63.1,63.3,63.4,63.6,63.4,63.7,64,64.3,64.3,64.2,64.7,65.2,65.3,65.3,65.1,65,65,65.4,65.6,65.7,65.6,65.9,66.1,66.7,67.3,67.2,66.9,67,67.5,68.3,68.3,68,68,67.9,68,68.2,68.1,67.9,67.6,67.5,67.5,67.8,68.1,68.4,68.7,68.9,69.1,69.2,69.4,69.6,69.3,69.1,69,69.4,70.1,70.3,70.5,71,71.2,71.9,72.2,72.1,71.8,71.9,71.8,72.2,72.7,72.9,73.3,73.7,73.9,73.9,73.7,73.6,73.7,73.9,73.8,74.1,74.5,75,75.7,76.5,77.4,78.2,78.5,79.1,79.4,79.4,79.7,80.4,80.7,81.6,82.8,83.8,84.6,85.5,86.2,86.1,85.1,84.4,83.3,83.4,83.2,83,83.3,83,82.6,83.5,83.5,83.2,82.9,83.3,83.5,83.6,84,84.3,84.3,84.8,84.8,85.1,85.2,85.2,85.3,85.6,85.8,86.4,86.7,87,87.2,87.3,87.4,87.9,88.3,88.6,89.1,89.2,89.6,89.7,89.7,89.8,89.5,89.5,89.7,90.4,90.9,90.5,90.5,90.6,90.7,91.1,90.6,90.6,91.2,91.4,91.7,92.2,92.3,92.6,93.2,93.3,93.8,94.6,95.2,95.5,95.5,95.8,96.1,96.9,97.9,97.9,97.5,97.6,97.9,98.5,99.1,99.3,99.8,100.2,100.9,101.4,101.8,101.8,101.8,102.3,102.5,102.9,103.3,103.5,104,104.2,104.3,104.5,104.7,104.7,104.5,105.1,105.3,105.8,106,106.1,105.7,106,106.2,106,106.7,106.8,106.9,107.4,107.5,107.7,108,108.3,108.4,108.8,109,109.4,109.8,109.8,109.7,109.8,109.8,110.3,110.6,111.3,111.4,111.6,111.8,111.8,112.7,112.8,112.9,113.6,114.1,114.5,114.4,114.4,114.3,114.4,114.5,115.3,116.1,115.9,116.3,117.1,117.3,117.8,118.2,118.5,118.6,119.6,120,121.4,123.1,123.7,124.6,126.1,126.5,128.9,130.6,132.2,133.4,135.3,136.9,138.1,138.8,140.2,140.6,141.7,141.6,143.1,143.6,143.8,143.5,144,144.2,145.2,145.8,146.9,146.1,OECDstat,
DEU,134,Germany,Index,Headline Consumer Price Index,62.2,62.5,62.5,62.6,62.8,62.8,62.8,63,63.2,63.7,63.5,63.6,64,64.3,64.3,64.6,64.7,65.1,65.9,65.9,65.9,66.9,67.2,67.3,67.6,68,68.3,68.6,68.8,68.9,69.1,69.1,69.1,69.1,69.4,69.5,70.7,71.3,71.5,71.6,71.7,71.9,72.3,72.3,72.2,72.2,72.3,72.5,72.9,73.4,73.5,73.6,73.8,73.9,74.1,74.3,74.1,74,74.1,74.3,74.5,74.9,74.9,75,75,75.1,75.3,75.3,75.3,75.1,75.1,75.4,75.6,76,76,76,76.1,76.2,76.3,76.3,76.3,76.3,76.2,76.5,77.2,77.2,77.2,77.2,77.3,77.4,78.1,78.2,78,77.9,77.9,78.1,78.1,78.3,78.2,78.3,78.4,78.5,78.7,78.6,78.4,78.3,78.3,78.4,78.3,78.4,78.4,78.7,78.7,78.8,79.2,79.1,78.9,78.8,79,79.3,79.5,79.6,79.6,79.6,79.5,79.9,80.2,80,80.2,80.1,80.2,80.9,80.6,81.1,81.1,81.4,81.7,81.8,81.9,81.7,81.7,81.6,81.4,82.2,82.3,82.6,82.8,82.7,82.8,82.8,82.8,82.8,82.8,82.7,82.4,83.1,83.1,83.6,83.7,83.4,83.2,83.5,83.7,83.7,83.6,83.6,83.4,84.1,84.1,84.2,84.5,84.8,85,85,85.2,85.3,85.1,85.2,85,85.9,85.3,85.6,86,85.8,86,86.1,86.5,86.6,86.7,86.8,86.5,87.1,86.9,87.2,87.2,87.5,87.5,87.7,88.1,87.9,87.6,87.7,87.7,88.3,88.3,88.7,88.9,89.4,89.4,89.4,89.8,89.7,89.9,90.1,90.6,91.1,90.9,91.2,91.7,91.5,92.1,92.3,92.8,92.5,92.5,92.3,91.8,92.2,91.7,92.3,92.1,92.2,92.1,92.4,92.4,92.5,92.3,92.3,92.2,92.9,92.4,92.7,93.2,93.3,93.2,93.2,93.4,93.5,93.4,93.5,93.6,94.1,93.9,94.5,95.1,95.1,95.1,95.2,95.3,95.4,95.6,95.6,95.8,96,95.9,96.6,97.1,96.9,96.9,96.7,97.1,97.5,97.6,97.6,97.7,98,97.5,98,98.5,98,98.4,98.5,99,99,99,98.8,99,99.4,98.8,99.3,99.5,99.4,99.3,99.5,99.8,99.8,99.8,99.5,99.5,99.5,98.5,99.2,99.7,100.2,100.4,100.4,100.6,100.6,100.4,100.4,99.7,99.7,99,99.3,100,100.1,100.6,100.7,101.1,101,101,101.2,100.5,101.2,100.6,101.2,101.4,101.8,101.8,102.1,102.5,102.6,102.7,102.5,102.1,102.6,102,102.3,102.9,103.1,103.9,104,104.4,104.5,104.7,104.9,104.2,104.2,103.4,103.8,104.2,105.2,105.4,105.7,106.2,106,106,106.1,105.3,105.8,105.2,105.5,105.7,105.9,105.9,106,105.1,105.1,105.1,105.3,105.1,105.2,106.5,107.1,107.6,108,108.2,108.5,109,109.1,109.4,110,110.2,110.4,110.9,111.8,114,114.7,115.8,115.8,116.3,116.7,118.8,119.7,119.9,119.3,120.5,121.5,122.4,122.9,122.8,123.1,123.5,123.9,124.2,124.2,123.7,123.8,OECDstat,
DNK,128,Denmark,Index,Headline Consumer Price Index,60.8,61,61.2,61.2,61.7,61.5,61.3,61.9,62.5,62.6,62.5,62.4,62.4,62.5,62.6,62.8,63.2,63.3,63.1,63.2,63.6,63.7,64,63.8,63.7,64,64.2,64.3,64.8,64.8,64.5,64.6,64.8,64.8,64.9,64.8,64.7,64.8,65,65,65.4,65.4,65.3,65.4,65.6,65.8,65.9,65.7,65.8,66,66.1,66.4,66.7,66.7,66.6,66.8,66.9,67.1,67.2,67.2,67.3,67.5,67.7,68,68.2,68.1,67.8,67.9,68.3,68.3,68.5,68.4,68.4,68.8,69.1,69.3,69.6,69.5,69.4,69.5,69.9,70,70.1,70,70.2,70.3,70.3,70.5,71,71.2,71,71.3,71.5,71.5,71.6,71.5,71.4,71.7,71.9,72.1,72.4,72.4,72.3,72.4,72.7,72.7,72.8,72.7,72.7,73.2,73.6,73.8,73.9,74.1,74,74.4,74.7,74.8,75,75.1,74.9,75.4,75.9,76,76.3,76.5,76.2,76.2,76.7,76.9,76.9,76.9,76.7,77.3,77.7,78,78.4,78.3,78.1,78.1,78.4,78.5,78.3,78.5,78.6,79.2,79.7,80,80,80,79.8,79.9,80.3,80.5,80.5,80.5,80.6,81.4,82,81.9,81.8,81.8,81.3,81.3,81.8,81.6,81.8,81.6,81.6,82.2,82.5,82.6,82.9,82.7,82.4,82.2,82.7,83,82.8,82.6,82.4,83.2,83.7,84.1,84.1,84.2,84.1,84.1,84.7,84.7,84.4,84.5,84.2,85,85.3,85.7,85.8,86,85.8,85.8,86.1,86,85.9,86,85.7,86.6,87,87.1,87.3,87.2,86.8,86.6,87.2,87.5,88,88,88.2,89.3,89.7,90,90.3,90.5,90.3,90.4,90.8,90.7,90.4,90.1,89.8,90.9,91.2,91.1,91.4,91.6,91.2,91.4,91.6,91.6,91.6,91.4,91.6,92.7,93.3,93.4,93.4,93.3,93.2,93.6,93.9,93.8,93.9,94,94.1,95.2,95.8,96.2,96.3,96.1,96,96,96.3,96.4,96.3,96.3,96.7,97.8,98.3,98.3,98.4,98.2,98.2,98.5,98.7,98.7,98.5,98.3,97.9,99,99.3,99.1,99.2,99.1,98.8,98.9,99.2,99.3,99.1,99,98.9,99.5,99.6,99.8,99.7,99.7,99.5,99.4,99.7,99.8,99.6,99.4,98.8,99.8,100.2,100.3,100.4,100.3,100.2,100,100.2,100.1,99.9,99.8,99.4,100.1,100.2,100.3,100.5,100.6,100.5,100.2,100.2,100.4,100.3,100.3,100.3,101.1,101.2,101.4,101.3,101.2,102,101.7,101.8,101.9,101.6,101.3,101,101.7,101.7,102.2,102.4,102.3,103.1,102.7,102.4,102.7,102.4,102.1,102.3,102.8,102.9,103.2,103.1,102.9,103.5,103.1,102.9,103.3,103.1,102.9,103,103.6,103.3,103.2,103.1,103.2,104,103.6,103.5,103.7,103.6,103.4,103.6,104.2,104.3,104.7,104.9,105,105.7,105.5,105.8,106.8,107.1,106.6,108.1,109.2,109.9,111.7,112.7,113.6,114.9,114.9,116.4,117.6,116.6,115.9,116.4,117.5,117.3,117.6,116,116.4,118.5,117.7,117.4,117.7,117.3,116.7,OECDstat,
ESP,184,Spain,Index,Headline Consumer Price Index,47.4,47.7,47.9,48,48,48.1,48.8,49,49.5,50,49.9,50,50.6,50.5,50.7,50.8,51,51.1,51.7,51.9,52.4,52.7,52.8,52.8,53.6,54,54.2,54.1,54.3,54.3,54.4,54.9,55.4,55.4,55.5,55.6,56.1,56.2,56.4,56.6,56.8,56.9,57.1,57.5,57.8,58,58.1,58.4,59,59,59.2,59.4,59.5,59.6,59.8,60.2,60.4,60.5,60.6,60.9,61.5,61.8,62.2,62.5,62.5,62.6,62.6,62.8,63,63.2,63.3,63.5,63.9,64.1,64.3,64.7,64.9,64.9,64.9,65.1,65.3,65.4,65.4,65.6,65.8,65.7,65.7,65.8,65.9,65.9,66,66.3,66.6,66.6,66.7,66.9,67,66.9,66.9,67.1,67.2,67.2,67.5,67.6,67.7,67.7,67.6,67.8,68.1,68.1,68.4,68.7,68.7,68.7,69,69.3,69.4,69.4,69.5,69.8,70,70.1,70.4,70.7,70.8,71,71.5,71.8,72,72.1,72.3,72.6,72.6,72.8,73.1,73.5,73.8,74,74.2,74.4,74.4,74.3,74.3,74.5,74.4,74.5,75.1,76.1,76.4,76.4,75.9,76.1,76.4,77.1,77.3,77.5,77.2,77.4,77.9,78.5,78.5,78.5,78,78.4,78.6,79.1,79.4,79.5,79,79,79.6,80.7,81.1,81.3,80.6,81,81.1,82,82.2,82.1,81.4,81.6,82.3,83.5,83.6,83.8,83.3,83.7,84.2,84.9,85,85.2,84.8,84.9,85.5,86.7,87,87.1,86.6,86.8,86.6,87,87.2,87.4,86.9,86.9,87.6,88.8,89,89.2,88.5,88.7,89,90.1,90.7,91.1,90.6,90.7,91.5,92.5,93.1,93.7,93.2,93,93,93.3,92.9,92.4,91.3,91.3,91.5,92.3,92.3,92.7,91.9,92.3,92,92.7,93.2,93.2,92.2,92.1,92.7,93.7,93.9,94.1,93.7,93.9,94,94.9,95.4,96,95.3,95.4,96.1,97.3,97.2,97.1,96.6,96.7,96.9,97.7,98.1,98.2,97.2,97.3,97.9,99.3,99.1,99,98.7,99.3,100.3,101.1,101,101.1,99.8,99.9,100.3,100.7,100.8,101,100.5,100.8,100.6,101,101.2,101.3,100,99.9,100.1,101,101.1,101.1,100.1,100.3,100.4,100.9,100.8,100.3,98.6,98.8,99.5,100.4,100.9,101.1,100.2,99.9,99.6,100.2,100.6,100.3,98.4,98,98.6,99.3,99.9,100.3,99.6,99.7,99.7,100.9,101.2,101.8,101.3,100.9,100.9,101.9,101.8,101.8,101.1,101.3,101.5,102.5,102.9,103,101.9,102,102.1,103,103.9,104.2,103.4,103.6,103.8,104.8,104.7,104.2,102.9,103.1,103.5,104.5,104.7,104.6,104,103.9,103.9,104.9,105.1,105,104,103.9,103.5,103.8,103.8,104.3,103.3,103.4,103.5,104.1,104.2,104.5,104.5,103.9,104.9,106.1,106.6,107.1,106.3,106.8,107.7,109.6,110,111.3,110.9,111.8,115.2,114.9,115.9,118,117.7,118,117.2,117.6,117.5,117.7,117.4,118.5,118.9,119.7,119.6,120.3,120.5,121.1,121.3,121.7,121.3,121.3,OECDstat,
FIN,172,Finland,Index,Headline Consumer Price Index,64.4,64.7,64.9,65.3,65.5,65.8,65.8,66.1,66.5,66.8,66.7,66.7,67.7,68,68.2,68.4,68.7,68.7,68.6,68.6,68.8,69,69.1,69.4,69.8,70,70.2,70.5,70.5,70.8,70.6,70.5,70.9,71.2,71.2,71,71.8,72,72.1,72.4,72.4,72.3,72.1,72,72.2,72.3,72.2,72.1,71.9,72.2,72.4,72.5,72.5,73.2,73.3,73.4,73.6,73.6,73.4,73.3,73.3,73.5,73.4,73.4,73.6,73.8,73.8,73.6,73.6,73.6,73.3,73.3,73.5,73.8,73.9,74,74.1,74.1,74.2,74,74.1,74.2,73.9,74,74,74.1,74.3,74.7,74.8,74.9,75,75.2,75.2,75.4,75.4,75.4,75.5,75.5,75.6,76,75.9,76.1,75.9,76,76.2,76.2,76,76,75.8,76,76.2,76.8,77,76.9,76.8,76.8,77.1,77.3,77.2,77.5,77.6,78.1,78.6,78.8,79,79.2,79,79.3,80,80,80,79.9,79.8,80.3,80.8,81.1,81.7,81.7,81.1,81.3,81.9,81.7,81.3,81.3,81.7,81.8,82.2,82.6,82.7,82.6,82.4,82.4,82.7,82.9,82.7,82.7,82.8,83.3,83.5,83.4,83.3,83.2,82.8,82.9,83.3,83.2,83.1,83.2,82.9,83.4,83.1,83.1,83.2,83.2,83.1,83.3,83.6,83.9,83.5,83.5,83.1,83.7,83.9,84,83.8,83.8,83.5,83.8,84.3,84.2,84,84,83.8,84.4,84.7,85.1,85.2,85.3,85.1,85.4,85.5,85.8,85.8,85.9,85.7,86.3,86.9,87.3,87.2,87.4,87.3,87.4,87.8,88,88.3,88.1,89,89.5,90.2,90.4,90.9,91.2,91,91.5,91.9,91.9,91.5,91.1,91,91,91,91,90.9,91.1,90.5,90.8,91,90.5,90.5,90.6,90.8,91.1,91.6,91.9,91.8,91.9,91.3,91.7,92.2,92.6,92.8,93.2,93.6,94.1,94.6,94.8,94.9,95.1,94.9,95.2,95.6,95.9,95.9,95.9,96.5,97.1,97.4,97.8,97.8,97.8,97.7,97.8,98.2,98.4,98.1,98.2,98.1,98.7,99.1,99.3,99.3,99.2,99.2,99.1,99.4,99.5,99.4,99.8,99.7,99.9,100.2,100.3,100.1,100.1,100,100.2,100.7,100.6,100.4,100.2,99.5,99.8,100.1,100.1,100,100,99.8,100,100.1,100.3,100.1,100,99.6,99.7,100.1,100.4,100.3,100.4,100.3,100.4,100.5,100.8,100.8,101,100.4,100.9,100.9,101.2,101.1,101.1,100.9,101.1,101.3,101.3,101.6,101.5,101.2,101.5,101.7,102,102.1,102.3,102.2,102.4,102.6,102.9,102.8,102.7,102.3,102.8,102.9,103.5,103.3,103.4,103.1,103.5,103.5,103.6,103.5,103.7,103.3,103.7,103.5,103.1,103.1,103.3,103.7,103.7,103.7,103.8,103.7,103.9,104.2,104.6,104.9,105.3,105.4,105.4,105.7,106,106.3,107.1,107.6,107.5,108.8,109.4,111,111.3,112.8,113.6,113.9,114,114.9,116,117.4,117.3,118,119,119.8,120.1,120.5,120.7,121.3,120.4,121.3,121.6,121.2,121.5,OECDstat,
FRA,132,France,Index,Headline Consumer Price Index,66.4,66.6,66.7,67.1,67.2,67.2,67.2,67.6,68.1,68.4,68.3,68.3,68.6,68.8,69,69.2,69.4,69.6,69.7,69.8,69.9,70.3,70.6,70.3,70.4,70.7,71,71.1,71.4,71.3,71.3,71.2,71.4,71.6,71.7,71.7,71.9,72.2,72.6,72.7,72.8,72.7,72.8,72.8,73,73.1,73.2,73.2,73.3,73.5,73.6,73.8,74,74,74,74,74.2,74.3,74.4,74.3,74.5,74.8,75,75.1,75.2,75.2,75,75.4,75.7,75.8,75.8,75.9,76,76.3,76.8,76.8,77,76.9,76.8,76.6,76.9,77.1,77,77.1,77.3,77.5,77.5,77.6,77.7,77.7,77.6,77.8,77.9,77.9,78,78,77.8,78.1,78.2,78.4,78.4,78.4,78.2,78.2,78.2,78.2,78.1,78.2,78,78.2,78.5,78.7,78.7,78.7,78.5,78.6,78.7,78.8,78.8,79.2,79.2,79.3,79.6,79.6,79.8,80,79.9,80,80.4,80.3,80.5,80.5,80.1,80.4,80.7,81.1,81.6,81.7,81.5,81.5,81.6,81.7,81.5,81.6,81.9,82,82.4,82.7,82.8,82.8,82.8,83,83.1,83.3,83.3,83.4,83.6,84.2,84.5,84.4,84.3,84.4,84.3,84.5,84.9,85,85.1,85.2,85.2,85.6,85.9,86.2,86.5,86.5,86.4,86.6,86.6,86.9,86.9,87,86.5,87.1,87.6,87.8,87.8,87.9,87.8,88.1,88.5,88.5,88.3,88.4,88.3,88.6,88.9,89.3,89.7,89.7,89.5,89.8,89.6,89.4,89.5,89.7,89.4,89.6,90,90.4,90.6,90.7,90.5,90.9,91,91.2,91.7,92,91.9,92.1,92.8,93.1,93.6,94,93.8,93.7,93.7,93.6,93.2,93,92.6,92.9,93.1,93.2,93.4,93.5,93.1,93.6,93.3,93.4,93.6,93.8,93.6,94.1,94.6,94.8,94.9,94.9,94.6,94.9,94.8,94.9,95,95.5,95.2,95.7,96.5,96.8,96.8,96.9,96.5,97,96.9,97.1,97.4,97.8,97.5,97.9,98.7,98.8,98.8,98.8,98.4,99,98.8,98.9,98.8,99.1,98.6,98.9,99.6,99.5,99.5,99.7,99.4,99.9,99.6,99.5,99.5,99.8,99.2,99.8,100.2,100.2,100.2,100.2,99.9,100.3,99.9,100,99.8,99.9,98.9,99.5,100.2,100.3,100.5,100.4,100,100.4,100,100,99.8,100,99.1,99.3,100,100.1,100.5,100.6,100.3,100.6,100.3,100.4,100.4,100.7,100.4,100.5,101.2,101.3,101.3,101.3,101,101.5,101.3,101.4,101.5,101.9,101.8,101.7,102.8,102.9,103.4,103.4,103.3,103.8,103.6,103.7,103.5,103.5,103,103.1,103.9,104.2,104.3,104.6,104.4,104.9,104.5,104.5,104.5,105,104.5,104.5,104.6,104.6,104.7,104.8,105.2,105.1,104.6,104.5,104.7,105,105.1,105.1,105.8,105.9,106.2,106.3,106.4,107.1,106.8,107.3,107.6,107.9,108.1,108.9,110.5,111,111.7,112.6,112.9,113.4,112.7,113.9,114.3,114.2,114.6,115.8,116.8,117.5,117.4,117.7,117.7,118.9,118.3,118.4,118.2,118.4,OECDstat,
GBR,112,United Kingdom,Index,Headline Consumer Price Index,52.4,52.9,53.1,54.4,55,55.2,55.2,55.7,56.2,56.7,56.9,57,57,57.2,57.5,58.7,59.2,59.5,59.3,59.9,60.1,60.4,60.5,60.7,60.5,60.8,61.1,61.8,62.2,62.2,62,62.1,62.3,62.5,62.5,62.6,62.4,62.7,63,63.4,63.6,63.6,63.4,63.7,64,64,63.8,64,64,64.2,64.4,64.9,65.1,65.1,64.7,65.1,65.2,65.1,65.2,65.5,65.5,65.7,66,66.4,66.7,66.8,66.6,66.9,67.2,67.1,67.1,67.5,67.4,67.7,67.9,68.3,68.6,68.7,68.3,68.7,69,69.1,69.2,69.4,69.2,69.3,69.4,69.7,70,70.1,70,70.3,70.5,70.6,70.6,70.7,70.4,70.6,70.8,71.2,71.5,71.4,71.2,71.4,71.7,71.7,71.8,72,71.8,71.9,72.3,72.6,72.8,72.7,72.4,72.6,72.8,72.8,72.9,73.1,72.6,72.8,73,73.3,73.5,73.6,73.3,73.3,73.8,73.8,74,74,73.5,73.7,73.9,74.4,74.9,75,74.5,74.8,75,74.9,74.9,75,74.8,75,75.2,75.6,75.8,75.8,75.6,75.8,76,76.1,76.1,76.3,75.9,76.1,76.4,76.8,76.8,76.7,76.6,76.8,77,77.1,77.1,77.3,77,77.2,77.3,77.6,77.9,77.9,77.7,77.9,77.9,78.1,78.3,78.6,78.3,78.5,78.8,79.1,79.4,79.4,79.5,79.7,79.9,80,80,80.3,80,80.2,80.4,80.9,81.3,81.5,81.5,81.8,81.9,82,82.2,82.6,82.1,82.4,82.8,83.1,83.3,83.5,83.1,83.4,83.5,83.8,84.1,84.5,84.1,84.6,84.9,85.6,86.1,86.6,86.6,87.1,87.5,87.3,87.3,87.1,86.6,87.2,87.3,87.5,87.9,88.1,88,88.3,88.3,88.4,88.6,88.9,88.8,89,89.4,89.9,90.1,90.2,90,90.4,90.4,90.6,90.9,91.7,91.8,92.3,92.6,93.3,93.5,93.5,93.5,93.9,94.5,94.5,94.7,95,94.7,95.2,95.4,95.9,95.9,95.6,95.7,96.1,96.4,96.8,97,97.3,97,97.5,97.8,98,98.2,98,98,98.4,98.7,98.8,98.8,99.2,98.7,99.1,99.3,99.6,99.6,99.8,99.6,99.9,100,100.1,99.9,99.9,99.2,99.5,99.6,99.9,100.1,100.1,100,100.3,100.2,100.3,100.3,100.4,99.9,100.1,100.4,100.6,100.8,101,100.9,101.2,101.5,101.6,101.8,102.2,101.8,102.4,102.7,103.2,103.5,103.5,103.5,104,104.3,104.4,104.7,105,104.5,104.9,105.1,105.5,105.9,105.9,105.9,106.5,106.6,106.7,106.9,107.1,106.4,106.8,107,107.6,107.9,107.9,108,108.3,108.4,108.3,108.5,108.5,108.3,108.6,108.6,108.6,108.6,108.8,109.2,108.8,109.2,109.2,109.1,109.4,109.3,109.4,109.7,110.4,111,111.4,111.4,112.1,112.4,113.4,114.1,114.7,114.6,115.4,116.5,119,119.7,120.5,121.2,121.8,122.3,124.3,124.8,125.3,124.8,126,126.8,128.3,129.1,129.4,129,129.4,130.1,130.2,130,130.5,OECDstat,
GRC,174,Greece,Index,Headline Consumer Price Index,26.7,26.8,27.6,28.1,29,29.8,29.6,29.8,31,31.7,32.1,32.7,32.7,32.7,33.4,34.5,34.6,35.4,35.2,35.2,36.6,37.3,37.9,38.5,38.6,38.7,39.5,40.1,40.1,40.7,40,40.5,42.2,43.2,43.6,44.1,44.2,44.3,46,46.6,46.7,47.2,46.3,46.5,47.6,48.5,48.9,49.4,49.2,49.3,50.6,51.3,51.7,52.1,51.7,51.8,53.2,53.7,53.9,54.7,54.4,54.3,55.6,56.2,56.7,57,56.1,56.2,57.5,57.9,58.2,59,59,58.9,60.5,61.1,61.6,61.8,60.7,60.6,62.1,62.6,62.5,63.3,62.9,62.7,64.1,64.7,64.9,65.2,64,64,65.1,65.5,65.7,66.3,65.7,65.4,67,68.1,68.4,68.6,67.2,67.2,68.5,68.6,68.5,68.8,68.1,67.8,69.3,70,70,70,68.6,68.6,69.9,70.1,70.3,70.7,69.9,69.8,71.5,71.8,72,71.8,70.5,70.6,72.1,72.9,73.3,73.5,72.3,72.2,73.7,74.4,74.7,74.6,73.3,73.3,74.7,74.9,75,75.7,75.5,74.7,76.6,77.2,77.2,77.1,75.7,75.9,77.3,77.7,77.8,78.3,77.9,78,79.7,79.8,80.1,80,78.5,78.4,79.9,80.2,80.4,80.7,80.2,79.9,81.9,82.1,82.5,82.2,80.8,80.6,82.2,82.8,82.9,83.2,83.4,82.4,84.3,84.9,85.2,85,83.9,83.6,85.4,86,85.8,86.2,86.1,85.1,87.1,87.7,87.8,87.7,87.2,86.5,87.9,88.4,88.3,88.7,88.5,87.3,89.3,89.9,90.1,90,89.4,88.7,90.5,91.1,91.8,92.2,91.9,91.2,93.3,93.9,94.6,94.5,93.7,92.8,94.7,94.7,94.4,94,93.5,92.7,94.5,94.8,95,95,94.3,93.6,95.3,95.8,96.3,96.5,95.7,95.2,98.2,99.4,100.2,99.9,99.4,98.7,100.6,100.8,101,101.4,100.7,99.4,102.7,103.3,103.5,103.3,101.8,100.4,103.7,103.8,104,103.9,103.1,101.5,104.4,105.3,104.9,104.6,103.2,102.1,104.7,105.5,105,104.7,103.3,101.6,104.2,104.6,104.4,104.2,102.5,100.8,103.5,103.4,102,102.9,101.8,100.4,102.8,103.2,102.4,103.1,101.8,100.5,102.6,101.7,100.7,100.3,98.9,98.2,100.5,101,100.2,100.8,99.5,99.1,100.9,100.8,100,100.1,98.1,97.7,99,99.8,99.3,100.1,98.5,98.1,99.9,100.3,99.1,100.1,99.3,99,100.8,101.4,100.5,101.1,99.5,99,100.9,101,100.2,100.8,99.1,99.1,100.5,101.5,101.1,102.1,100.3,100,102,102.8,101.2,101.3,99.5,99.7,101.5,102.5,101.4,101.8,100.3,99.8,101.9,102,101.5,102.1,100.4,99.9,101.5,101,100.2,100.2,98.5,97.9,99.9,100.2,99.4,99.8,98.4,98.6,99.8,100.7,100.3,101.3,99.9,99.7,102.1,103.7,104.1,104.9,104.6,105.7,108.7,111,111.7,113.5,111.4,111.1,114.4,113.1,113,112.4,111.9,112.2,113.6,114.3,114.8,115.5,114.2,114.2,116.2,116.9,116.5,116.4,OECDstat,
HUN,944,Hungary,Index,Headline Consumer Price Index,7.4,7.7,7.9,8.1,8.1,8.1,8.3,8.5,8.7,8.8,8.9,9,9.9,10.3,10.6,11,11.1,11.2,11.5,11.4,11.6,11.7,11.9,11.9,12.7,13,13.3,13.4,13.6,13.7,13.7,13.9,14.2,14.5,14.8,14.9,16,16.2,16.4,16.5,16.6,16.6,16.7,17,17.5,17.7,17.8,18.1,18.7,18.9,19.1,19.4,19.6,19.8,20,20.3,20.8,21.2,21.6,21.9,22.8,23.4,24.4,25,25.6,25.9,26.1,26.2,26.8,27.4,27.8,28.1,29.4,30.1,30.6,31.1,31.8,32,32.1,32.2,32.7,33.1,33.4,33.7,34.9,35.7,36.4,36.9,37.4,38,38,38,38.6,39,39.5,39.9,41.1,41.8,42.3,42.8,43.3,43.4,43.3,43.2,43.4,43.8,43.9,44,45.1,45.7,46.3,46.8,47.1,47.3,47.7,47.8,48.1,48.4,48.6,49,49.7,50.3,50.7,51.1,51.4,51.7,52.2,52.5,53.1,53.4,53.7,53.9,54.7,55.4,56,56.4,56.9,57.1,57.1,57,57.3,57.4,57.5,57.5,58.3,58.8,59.3,59.8,60.1,59.8,59.7,59.6,60,60.3,60.3,60.3,61.1,61.5,62,62.1,62.3,62.4,62.5,62.4,62.8,63.2,63.6,63.7,65.1,65.9,66.2,66.4,67,67.1,67.1,66.8,66.9,67.2,67.3,67.2,67.7,68,68.5,69,69.4,69.6,69.6,69.2,69.4,69.4,69.5,69.5,69.6,69.7,70.1,70.6,71.3,71.5,71.7,71.7,73.4,73.7,73.9,74,74.9,75.9,76.5,76.8,77.4,77.6,77.6,77.6,78.1,78.8,79.2,79.5,80.2,81.1,81.6,81.9,82.8,82.8,82.8,82.6,82.6,82.8,82.5,82.2,82.8,83.6,83.9,84.6,85.9,85.9,87,86.8,86.7,86.7,86.9,86.8,88.1,88.3,88.9,89.4,90.2,90.4,90.5,90,89.9,90.2,90.5,90.9,91.6,91.9,93,93.6,93.8,93.6,93.3,93.2,93.1,93.8,94.4,94.6,96.5,97.3,98.1,98.9,98.7,98.7,98.7,98.8,99.3,99.4,99.3,99.3,100.1,100.1,100.3,100.5,100.4,100.7,100.4,100.1,100.6,100.3,100.2,99.7,100.1,100.1,100.4,100.4,100.3,100.4,100.5,100.3,100.1,99.9,99.5,98.8,98.6,99.1,99.7,100.1,100.8,101,101,100.4,99.7,100,100,99.7,99.6,99.4,99.5,100.3,100.6,100.8,100.6,100.2,100.4,101,101,101.4,101.9,102.2,102.1,102.5,102.7,102.7,102.8,102.8,102.9,103.2,103.6,103.6,103.9,104.1,104.2,104.9,105.6,105.9,106.2,106.3,106.6,107.2,106.8,106.4,106.7,107.3,108.1,109,109.7,109.5,109.7,109.5,109.6,110.3,110.4,110.7,111.7,112.1,112.3,111.6,112.1,112.6,113.8,113.8,113.4,113.6,113.3,113.7,114.7,115.5,116.4,117.3,117.9,118.6,119.2,119.4,119.5,120.9,121.8,122.1,123.8,125.1,126.4,128.3,130.5,132.4,135.5,138,143.6,146.5,149.1,152,155.6,156.8,158.1,159.1,158.5,159,159.4,160.5,161.1,160.9,160.9,160.4,OECDstat,
ISL,176,Iceland,Index,Headline Consumer Price Index,32.6,33.1,33.4,33.5,33.8,34,34.2,34.3,34.3,34.4,34.6,34.7,34.9,35.1,35.1,35.3,35.7,36.2,36.5,36.7,37,37.2,37.4,37.4,37.4,37.5,37.5,37.5,37.5,37.7,37.7,37.7,37.7,37.7,37.7,37.9,38.4,38.6,38.7,38.8,38.9,38.8,39.2,39.5,39.7,39.9,39.9,39.7,39.6,39.6,39.7,39.7,39.7,39.7,39.8,39.8,39.9,39.9,39.9,39.9,40.2,40.3,40.2,40.2,40.2,40.3,40.4,40.5,40.7,40.9,40.7,40.7,40.9,40.9,41,41.1,41.3,41.3,41.3,41.6,41.7,41.7,41.7,41.5,41.7,41.7,41.7,42,41.9,42,42.1,42.2,42.4,42.5,42.4,42.4,42.6,42.5,42.7,42.7,42.9,43,42.9,42.7,42.7,42.9,43,42.9,43.2,43.1,43.3,43.6,43.7,44.1,44.2,44.4,44.8,45.2,45.2,45.3,45.7,45.5,45.9,46.2,46.3,46.5,46.7,46.5,46.6,47.1,47.2,47.2,47.3,47.4,47.6,48.2,48.9,49.7,50,50.2,50.5,50.9,51,51.3,51.8,51.6,51.8,51.8,51.8,52,52.1,51.8,52.1,52.4,52.2,52.3,52.5,52.4,53,53,53,53,52.9,52.9,53.2,53.5,53.6,53.7,53.7,53.6,53.9,54.2,54.7,55.1,54.8,54.8,55,55.5,55.6,55.8,55.9,56,56.4,56.5,56.2,56.6,56.7,56.8,57.7,58,57.9,58.1,58.3,58.3,58.9,59.6,60.5,61.2,61.5,61.7,62,62.2,62.2,62.2,62.3,62.6,62.4,62.8,63.3,63.6,63.8,63.8,64.6,65,65.4,65.8,66,66.9,67.9,70.2,71.1,71.7,72.4,73.1,73.7,75.3,76.6,77.8,78.2,78.6,78.1,78.5,79.4,80.5,80.6,81,81.7,82.6,83.2,83.6,83.4,84.3,84.8,85,85.3,85.1,84.5,84.7,84.7,85.4,85.4,85.7,84.9,85.9,86.7,87.4,88.2,88.7,88.8,89,89.5,89.8,89.9,90.2,90.4,91.3,92.3,93,93,93.5,92.8,92.7,93.4,93.6,93.9,94,94.2,95.8,96,96.1,96.1,96.6,96.4,96.7,97,97,97.4,97.9,97.2,97.8,98.1,98.4,98.4,98.8,98.6,98.9,98.7,98.9,98.4,98.7,98,98.6,99.6,99.8,100,100.3,100.5,101,100.6,100.7,100.3,100.7,100.1,100.7,101.1,101.3,101.7,101.9,101.6,102,102.5,102.5,102.4,102.6,102,102.7,102.8,103.3,103.5,103.5,103.5,103.7,103.9,104.4,104.2,104.5,104.4,105,105.6,105.6,105.6,106.2,106.3,106.5,106.7,107.3,107.6,108.4,107.9,108.1,108.7,109.1,109.3,109.8,109.5,109.8,109.9,110.3,110.5,110.6,109.8,110.8,111,111.6,112.2,112.7,112.8,113.3,113.8,114.3,114.3,114.5,114.5,115.3,115.8,116.6,117.2,117.5,117.6,118.2,118.7,119.4,119.8,120.4,121,122.4,123.6,125.1,126,127.8,129.3,129.7,129.8,130.7,131,131.9,133,134.9,135.7,137.4,138,139.1,139.2,139.7,140.1,141,141.5,142.1,OECDstat,
ISR,436,Israel,Index,Headline Consumer Price Index,28.1,28.3,28.6,29.4,29.8,30,30.5,31.1,31.7,32.3,32.8,32.9,33.3,33.4,33.8,34.7,35.2,35.9,37,37.7,38.3,38.5,38.6,38.8,38.8,39.1,39.6,40.5,40.2,40.4,40.6,40.9,41.5,41.7,42,42.5,42.9,43.4,44.1,44.6,44.7,44.9,44.9,45.3,45.8,46.3,46.8,47.1,47.5,47.7,48.1,49.2,49.6,50.4,50.9,51.5,52.1,52.8,53.5,53.9,54,54.1,54,54.6,55.1,55.2,55.3,55.9,56.6,57.1,57.5,58.2,58.7,59.4,60,60.8,62,62.3,62.6,62.8,63.1,63.6,64.1,64.5,64.7,65.4,66,66.5,66.8,67.7,68.3,68.6,68.6,69.5,69.3,69.1,69.3,69.2,69.1,69.9,70.2,70.6,70.5,70.8,71.7,74,74.9,74.9,74.6,74.1,73.9,74.1,74.5,74.7,74.9,75.3,75.5,76,75.9,75.9,75.5,75.3,74.9,75.4,75.9,76.2,76.4,75.9,75.5,75.9,75.9,75.9,75.4,75.4,75.5,76.2,76.5,76.8,77.1,77.3,77.5,77.5,77.1,77,77.8,78.6,78.8,80.1,80.8,81.9,82.4,82.2,82.4,82.9,82.2,82.1,82.2,82.5,82.7,82.5,82.2,81.7,81.1,81.2,80.8,80.8,80.7,80.5,80.4,80.5,80.4,81.3,81.7,81.7,81.6,81.7,81.6,81.6,81.5,81.6,81,81.1,81,81.6,81.9,82,82.7,82.9,83.1,83.7,83.6,83.5,83.2,83.7,84,84.5,84.5,84.7,84.8,84.8,84,83.6,83.4,83.4,83.3,82.9,83.2,83.6,83.6,84,85,85.5,85.2,85.3,85.5,86,86,85.8,86.1,87.4,88,88.1,89.1,89.9,89.9,89.9,89.5,89.5,88.9,88.8,89.2,90.1,90.5,91.3,92.2,92.8,92.4,92.7,92.9,92.9,92.2,92,92.1,92.9,93.2,93.5,93.9,94.4,94.7,94.9,94.9,95.4,95.5,95.9,96.1,96.6,97,97.5,97.1,97.7,97.5,97.6,97.5,97.5,97.5,97.5,97.8,98.6,98.6,98.4,98.4,99.5,99.5,99.3,98.9,99,98.9,98.9,99.1,99.5,99.6,100.3,100.7,100.9,100.9,101.2,100.8,100.9,100.2,100.1,100.3,100.5,100.6,100.9,101,100.9,100.6,100.9,100.7,100.7,99.8,99.1,99.4,100,100.2,100.5,100.7,100.5,100.1,100.2,99.8,99.7,99.2,98.9,98.6,99.1,99.4,99.7,100.1,99.8,99.7,99.9,99.5,99.5,99.3,99.3,99.6,99.8,100.2,99.5,99.4,99.7,99.8,100.1,99.8,99.9,99.4,99.5,99.8,100.2,100.7,100.8,100.8,100.9,101,101.3,101,100.7,100.6,100.7,101.2,101.5,102.2,101.6,101.3,101.5,101.3,101.7,101.3,101.3,100.9,100.8,101.2,100.9,100.6,100.5,100.7,100.7,100.6,100.9,100.7,100.6,100.5,100.8,101.4,101.7,102.1,102.2,102.6,102.9,103.1,103.2,103.1,103.4,103.7,104.3,104.9,105.7,106.3,106.8,107.9,107.6,107.8,108.5,108.6,108.9,109.2,109.7,110.2,111,111.2,111.2,111.6,112.1,112,112.5,112.2,112.1,OECDstat,
ITA,136,Italy,Index,Headline Consumer Price Index,50.5,50.9,51.1,51.3,51.5,51.7,51.9,52.2,52.5,52.9,53.2,53.4,53.7,54.1,54.4,54.6,54.8,55.1,55.3,55.5,55.7,56,56.3,56.5,56.9,57.2,57.4,57.6,57.9,58.1,58.2,58.3,58.4,58.7,59.1,59.2,59.6,59.8,60,60.2,60.4,60.8,61,61.1,61.2,61.5,61.7,61.8,62.2,62.4,62.6,62.7,63,63.1,63.3,63.4,63.6,63.9,64.2,64.3,64.6,65.1,65.6,65.9,66.3,66.7,66.8,67,67.2,67.5,67.8,67.9,68.2,68.5,68.7,69,69.3,69.4,69.3,69.4,69.5,69.5,69.8,69.9,70.1,70.1,70.3,70.4,70.6,70.6,70.6,70.7,70.7,70.9,71.2,71.2,71.4,71.6,71.8,71.9,72,72.1,72.1,72.1,72.1,72.3,72.3,72.4,72.5,72.6,72.7,72.9,73.1,73.1,73.3,73.3,73.5,73.7,73.9,73.9,74.1,74.3,74.5,74.6,74.9,75.1,75.2,75.3,75.4,75.7,75.9,75.9,76.3,76.5,76.6,76.9,77.1,77.3,77.4,77.4,77.4,77.5,77.7,77.7,78.1,78.3,78.5,78.7,78.9,79,79.1,79.2,79.4,79.6,79.8,79.9,80.2,80.4,80.6,80.8,81,81.1,81.2,81.4,81.6,81.6,81.8,81.9,82,82.2,82.5,82.7,82.9,83,83.1,83.3,83.3,83.3,83.4,83.6,83.6,83.8,84.1,84.2,84.5,84.5,84.8,85,85,85.2,85.2,85.2,85.4,85.6,85.8,86.1,86.4,86.4,86.7,86.8,86.8,86.7,86.8,86.8,86.9,87.2,87.3,87.4,87.7,87.9,88.1,88.2,88.2,88.5,88.8,89.1,89.5,89.7,90.2,90.4,90.8,91.2,91.7,91.8,91.6,91.6,91.2,91.1,91,91.2,91.2,91.4,91.6,91.7,91.7,92,91.8,91.8,91.8,92,92.2,92.2,92.5,92.8,92.9,92.9,93.2,93.4,93.2,93.4,93.4,93.8,94.1,94.4,94.8,95.3,95.3,95.4,95.7,96,96,96.6,96.5,96.8,97.1,97.5,98,98.4,98.4,98.6,98.7,99.1,99.1,99.1,98.9,99.1,99.3,99.3,99.5,99.5,99.5,99.8,99.9,100.3,100,99.8,99.5,99.7,99.9,99.8,99.9,100.1,100,100.1,100,100.2,99.8,99.9,99.7,99.7,99.3,99.7,99.8,100,100.1,100.3,100.2,100.4,100,100.2,99.8,99.8,99.6,99.4,99.6,99.5,99.8,99.9,100.1,100.3,100.1,100,99.9,100.3,100.6,101,101,101.4,101.2,101.1,101.2,101.5,101.2,101,100.8,101.2,101.5,101.5,101.8,101.9,102.2,102.4,102.7,103.1,102.6,102.6,102.4,102.3,102.4,102.5,102.8,103,103,103.1,103.1,103.5,102.9,102.8,102.6,102.8,102.9,102.8,102.9,103,102.8,102.9,102.7,103,102.3,102.5,102.4,102.6,103.3,103.4,103.7,104.1,104.1,104.2,104.7,105.1,104.9,105.6,106.2,106.6,108.3,109.3,110.4,110.3,111.2,112.5,113,113.9,114.2,118.1,118.7,119,119.1,119.3,118.8,119.3,119.7,119.7,119.7,120.1,120.3,120.1,119.5,119.7,OECDstat,
JPN,158,Japan,Index,Headline Consumer Price Index,89.7,89.8,90.1,90.9,91.3,91,90.8,91.1,91.8,92.8,92.7,92.6,93.3,92.9,93.5,94,94.5,94.1,94,94.2,94.4,95.4,95.5,95.1,94.9,94.8,95.3,96.3,96.3,96.3,95.5,95.8,96.3,96.3,96.2,96.2,96.1,96.2,96.4,97.1,97.1,97.1,97.3,97.6,97.7,97.6,97.1,97.1,97.2,97.2,97.7,97.9,98,97.6,97.1,97.6,97.9,98.3,98,97.8,97.8,97.5,97.4,97.7,97.9,97.8,97.3,97.4,98,97.7,97.4,97.4,97.3,97.1,97.3,97.9,98.1,97.8,97.7,97.6,98,98.2,97.9,98,97.9,97.7,97.8,99.8,100,100,99.6,99.7,100.4,100.7,100,99.8,99.7,99.6,100,100.2,100.5,100.1,99.5,99.4,100.2,100.9,100.8,100.4,99.9,99.5,99.6,100.1,100.1,99.8,99.4,99.7,100,100.2,99.6,99.3,99.2,98.9,99.1,99.3,99.4,99.2,98.9,99.2,99.1,99.1,98.8,98.9,98.9,98.5,98.4,98.5,98.7,98.4,98.1,98.4,98.3,98.3,97.8,97.7,97.5,97,97.2,97.5,97.8,97.7,97.3,97.6,97.6,97.4,97.4,97.4,97.1,96.8,97.1,97.4,97.6,97.3,97.1,97.3,97.4,97.4,96.9,97,96.8,96.8,97,97,97.1,97.3,97,97.1,97.4,97.9,97.7,97.2,97,96.7,97,97.1,97.2,96.8,96.7,96.8,97.1,97.1,96.7,96.8,96.9,96.6,96.8,97,97.3,97.3,97,97.7,97.7,97.5,97,97.1,96.9,96.4,96.7,97,97.3,97.1,97,97.5,97.5,97.7,97.6,97.7,97.6,97.4,97.8,97.7,98.5,99.1,99.3,99.6,99.6,99.5,98.5,98.1,97.6,97.3,97.6,97.7,97.5,97.3,97,97.3,97.3,96.9,96.7,96.5,96.6,96.6,96.8,96.8,96.8,96.6,96.1,96.2,96.4,96.7,96.4,96.2,96.1,96.1,96.3,96.4,96.4,96.3,96.3,96.4,96.4,96.5,95.9,96,96.2,96.4,96.8,96.9,96.6,96.1,95.8,96,96.1,96.1,95.8,95.8,95.9,95.7,95.9,96.2,96.3,96.3,96.5,96.8,97.1,97.2,97.2,97.3,97.2,97.2,97.4,99.5,99.9,99.8,99.9,100.1,100.3,100,99.7,99.7,99.6,99.4,99.7,100.2,100.5,100.2,100.1,100.2,100.3,100.3,99.9,99.9,99.5,99.6,99.7,99.9,100,99.9,99.7,99.7,99.8,100.4,100.4,100.2,100,99.9,99.9,100.3,100.4,100.3,100.1,100.3,100.6,100.6,100.9,101.2,101.3,101.3,101,100.9,101.1,101,101,101.6,101.7,102,101.8,101.5,101.5,101.5,101.5,101.8,101.8,101.6,101.6,101.8,101.9,102.2,102.3,102.3,102.3,102.1,102.1,102,101.9,101.7,101.8,101.9,101.7,101.6,101.3,101.1,101.6,101.6,101.7,100.9,101.2,101.3,101.5,101.5,101.9,101.7,101.9,101.9,102.1,102.5,102.9,103.3,103.6,103.6,104.1,104.6,105,105.6,105.8,106,106.6,105.9,106.3,107,107,107.1,107.6,107.8,108.1,109,108.8,108.7,OECDstat,
KOR,542,"Korea, Rep.",Index,Headline Consumer Price Index,39,39.2,39.6,40.1,40.5,40.7,40.9,41,41.3,41.4,41.4,41.7,42.6,43.1,43.7,43.9,44,44.3,44.5,44.9,45.2,45.2,45.4,45.5,45.8,46.1,46.6,46.9,47.2,47.3,47.5,47.5,47.7,47.7,47.4,47.5,47.9,48.2,48.8,49.1,49.3,49.5,49.5,49.7,49.9,50.1,50,50.3,51,51.5,52,52,52.1,52.5,52.9,53.3,53.1,53,53.1,53.1,53.6,53.8,54.4,54.7,54.8,54.6,54.8,55.1,55.6,55.4,55.2,55.6,56.2,56.4,56.8,57.2,57.5,57.5,57.8,58,58.2,58.2,58.2,58.4,58.8,59.1,59.4,59.6,59.7,59.8,59.9,60.3,60.6,60.6,60.7,62.2,63.7,64.8,64.7,64.9,64.6,64.3,64.3,64.5,64.8,65,64.8,64.7,64.6,64.9,65,65.2,65.1,64.7,64.5,65.1,65.3,65.8,65.7,65.5,65.8,66,66.4,66.1,65.8,66.1,66.4,66.7,67.6,67.5,67.1,67.4,68.1,68.4,69,69.3,69.2,69.4,69.6,69.8,69.8,69.8,69.4,69.5,69.9,70.2,70.6,71,71.3,71.2,71,71.5,71.9,71.7,71.8,72.1,72.6,73,73.8,73.7,73.6,73.4,73.3,73.6,74.3,74.4,74.2,74.6,75,75.4,76.1,76.1,76,76,76.5,77.2,77.2,77.2,76.7,76.8,77.6,77.9,78.4,78.4,78.4,78.1,78.4,78.7,79.1,78.9,78.6,78.8,79.3,79.5,79.9,80,80.2,80,80.3,80.8,81,80.6,80.2,80.5,80.6,81.2,81.7,82,82.1,82.1,82.4,82.4,82.9,83.1,83.1,83.4,83.8,84.1,84.9,85.3,86.1,86.6,87.2,87.1,87.2,87.1,86.8,86.8,86.9,87.5,88.2,88.4,88.4,88.3,88.6,89,89,88.8,89,89.3,90,90.2,90.3,90.7,90.8,90.7,90.9,91.3,92.1,92.1,91.6,92,93.1,93.7,94.1,94.2,94.3,94.5,95,95.6,95.5,95.3,95.4,95.8,96.2,96.5,96.6,96.6,96.7,96.6,96.4,96.8,97.5,97.3,97,97.2,97.8,98.1,98,97.9,97.9,97.7,97.9,98.3,98.5,98.2,98.2,98.3,98.8,99.1,99.3,99.3,99.5,99.4,99.5,99.7,99.6,99.3,99.1,99.1,99.8,99.7,99.7,99.8,100,100.1,100.2,100.4,100.1,100.1,99.9,100.2,100.4,100.8,100.6,100.8,100.8,100.8,100.6,100.9,101.5,101.6,101.5,101.6,102.6,102.9,102.9,102.7,102.8,102.6,102.8,103.4,103.5,103.4,102.6,103,103.4,104.2,104.1,104.3,104.3,104.1,103.9,104.9,105.7,105.5,104.7,104.4,104.2,104.7,104.5,104.9,105.1,104.9,104.6,104.8,105.2,105.5,104.9,105.1,105.5,105.6,105.4,104.9,104.8,105.1,105,105.6,106.2,105.6,105.5,105.8,106.5,107.1,107.4,107.5,107.6,107.6,107.8,108.3,108.8,108.9,109.5,109.7,110.5,111.1,111.8,112.6,113.3,114.1,114.6,114.5,114.7,115.1,115,115.2,116,116.3,116.5,116.8,117.2,117.2,117.3,118.4,118.9,119.4,118.8,118.8,OECDstat,
LUX,137,Luxembourg,Index,Headline Consumer Price Index,58.7,58.6,58.6,58.7,58.8,58.8,58.9,59.1,59.5,60.2,60.4,60.4,60.4,60.5,60.6,60.4,60.7,60.8,61.1,61.3,61.4,61.6,62,62,62.2,62.2,62.5,62.6,62.9,63,63.1,63.2,63.3,63.6,63.8,63.8,64.4,64.6,64.8,64.9,65,65.1,65.3,65.5,65.6,65.8,66,66.1,66.1,66.3,66.2,66.3,66.4,66.5,66.7,66.8,67,67.1,67.3,67.4,67.6,67.7,67.8,67.8,67.9,67.9,67.9,67.9,68,68.1,68.2,68.3,68.3,68.4,68.5,68.6,68.7,68.7,68.7,68.8,68.8,69,69.2,69.2,69.2,69.5,69.3,69.3,69.4,69.5,69.6,69.8,70,70.1,70.2,70.2,70.2,70.2,70.2,70.1,70.3,70.3,70.4,70.5,70.4,70.5,70.5,70.5,69.3,70.6,70.6,71,71.2,71.1,70.3,71.4,71.6,71.8,71.9,72.1,71.5,72.4,72.6,72.9,73,73.5,72.7,73.6,74,74.3,74.5,74.6,73.6,74.5,74.7,75,75.4,75.6,74.9,75.7,75.8,76,76.1,75.9,75.3,76.2,76.3,76.6,76.8,76.9,76.4,77.1,77.4,77.6,77.7,77.6,77,78.1,78.3,78.3,78.3,78.3,77.6,78.6,79,78.9,79.1,79.2,78.7,79.7,79.7,79.9,80.1,80.3,79.5,80.4,80.6,80.9,81.1,80.9,80.2,81.5,81.6,81.9,82,82.1,81.5,82.6,82.9,83.4,83.1,82.9,82.5,83.9,84,84.3,84.6,84.7,83.9,84.9,84.9,84.6,84.7,84.9,84.4,85.6,85.8,86.1,86.2,86.4,85.5,86.5,86.6,87.1,87.4,87.7,87.2,88.2,88.8,89.1,89.6,90.1,89.6,90,90.1,90,89.2,88.7,87.7,89.2,89.1,89.3,89.4,89.8,89,90.2,90.1,90,90.4,90.3,89.5,90.6,91.1,91.4,91.5,91.5,91.2,92.2,92.2,92.3,92.5,92.8,92.4,93.8,94.5,94.8,94.8,94.8,93.9,95.2,95.3,95.5,95.8,95.7,95.1,96.7,97,97.3,97.2,97.1,96.2,97.7,98.1,98.2,98.2,97.9,97.1,98.9,98.9,99,98.8,99.1,98,99.4,99.6,99.4,99.4,99.4,98.5,99.8,99.7,99.8,99.8,100,98.9,100,99.9,99.7,99.4,98.8,98.2,99.8,100,100,100.5,100.6,99.6,100.5,100.4,100.2,100.3,99.9,98.7,100,100,100.1,100.4,100.7,99.6,100.7,100.8,100.7,100.8,101,100.4,101.8,101.8,102,102.1,102.2,101.5,102.7,102.5,102.6,102.4,102.4,101.5,102.8,102.9,103.1,103.5,103.7,102.9,104.3,104.6,104.7,104.7,104.3,103.4,105,105.1,105.3,105.6,105.6,104.8,106.1,105.9,105.9,105.9,106.1,105.4,106.7,106,106,105.8,106.3,105.8,106.7,106.6,106.6,106.4,106.7,107.4,106.6,108.1,108.2,108.5,108.7,108.3,109.3,109.5,110.5,111.2,111.1,111.2,113.6,114.8,115.7,115.9,116.8,115.6,116.7,117,118,117.8,117.1,116.6,118.5,118.9,120,120.1,120.5,119.9,121.7,121.7,121.8,121.4,121.2,OECDstat,
MEX,273,Mexico,Index,Headline Consumer Price Index,8.9,9.1,9.2,9.4,9.5,9.7,9.9,10.1,10.2,10.4,10.7,11,11.3,11.5,11.6,11.8,11.9,12,12.1,12.2,12.3,12.5,12.8,13.1,13.3,13.5,13.6,13.7,13.8,13.9,14,14.1,14.2,14.3,14.4,14.6,14.8,14.9,15,15.1,15.2,15.3,15.3,15.4,15.5,15.6,15.7,15.8,15.9,16,16.1,16.2,16.2,16.3,16.4,16.5,16.6,16.7,16.8,16.9,17.5,18.3,19.4,20.9,21.8,22.5,22.9,23.3,23.8,24.3,24.9,25.7,26.6,27.2,27.8,28.6,29.1,29.6,30,30.4,30.9,31.3,31.8,32.8,33.7,34.2,34.6,35,35.3,35.7,36,36.3,36.7,37,37.4,38,38.8,39.5,39.9,40.3,40.6,41.1,41.5,41.9,42.6,43.2,44,45,46.2,46.8,47.2,47.7,47.9,48.3,48.6,48.9,49.3,49.6,50.1,50.6,51.3,51.7,52,52.3,52.5,52.8,53,53.3,53.7,54.1,54.5,55.1,55.4,55.4,55.7,56,56.1,56.3,56.1,56.5,57,57.2,57.5,57.5,58.1,58,58.3,58.6,58.8,59.1,59.2,59.4,59.8,60.1,60.6,60.8,61.1,61.2,61.6,61.7,61.5,61.6,61.7,61.9,62.2,62.4,63,63.2,63.6,64,64.2,64.3,64.2,64.3,64.4,64.8,65.4,65.8,66.4,66.5,66.5,66.7,67,67.3,67.1,67,67.3,67.4,67.7,67.8,68.3,68.7,69.1,69.2,69.3,69.4,69.1,69.2,69.4,69.7,70.4,70.7,71.1,71.5,71.9,72.1,72.2,72.2,71.9,71.9,72.2,72.5,73.1,73.4,73.9,74.2,74.6,74.8,75.3,75.5,75.4,75.7,76.1,76.6,77.1,77.6,78.5,79.1,79.2,79.4,79.9,80.1,79.9,80.1,80.3,80.5,80.9,81.1,81.5,81.9,82.8,83.2,83.8,83.6,83,83,83.2,83.4,83.9,84.4,85.1,85.5,85.9,86.2,86.4,86.4,85.7,85.7,86.2,86.3,86.5,87.1,88,88.7,89.4,89.6,89.6,89.3,89,89.5,90,90.2,90.6,91.1,91.7,91.9,92.3,92.7,93.4,93.5,93.2,93.1,93.1,93.3,93.7,94.1,95,95.6,96.4,96.7,96.9,96.8,96.4,96.6,96.9,97.2,97.7,98.2,99,99.5,99.4,99.6,100,99.7,99.2,99.4,99.5,99.7,100.1,100.6,101.2,101.6,102,102.4,102.6,102.2,101.8,101.9,102.2,102.5,103.1,103.7,104.5,105,106.8,107.4,108.1,108.2,108.1,108.3,108.7,109.3,109.6,110.3,111.5,112.1,112.7,113.1,113.5,113.1,112.9,113.4,114,114.6,115.1,115.7,116.7,117.5,117.6,117.6,118,118.1,117.8,117.8,118.3,118.3,118.6,119.2,120.2,120.9,121.4,121.9,121.9,120.6,121.1,121.8,122.6,123.1,123.3,124.1,124.2,124.7,125.7,126.5,127.6,128,128.3,128.9,129.7,129.9,130.7,131.8,133.3,133.8,134.6,135.7,137.1,137.8,138.1,139.2,140.3,141.2,142.1,142.9,143.7,144.3,145.3,146.1,146.5,146.4,146.1,146.3,147,147.8,148.4,149,150,151,OECDstat,
NLD,138,Netherlands,Index,Headline Consumer Price Index,58.2,58.4,58.6,58.8,58.9,58.8,59.1,59.2,59.7,59.9,59.9,59.7,59.8,59.9,60.3,60.4,60.5,60.6,61.2,61.2,61.8,62,62.1,62,61.8,62.1,62.6,62.8,62.8,62.7,62.9,63,63.6,63.6,63.6,63.4,63.4,63.7,64.1,64.4,64.3,64.1,64.5,64.9,65.3,65.3,65.3,65,65.3,65.6,66,66.2,66.2,66,66.3,66.6,67.1,67.2,67,66.7,66.9,67.2,67.6,67.7,67.6,67.5,67.5,67.6,68.1,68,68,67.9,68,68.3,68.9,69.1,69,68.7,68.8,68.8,69.4,69.5,69.5,69.4,69.5,69.6,70.1,70.2,70.4,70,70.3,70.4,71.1,71.1,71.2,71,70.7,71.1,71.7,71.9,71.8,71.5,71.7,71.7,72.3,72.4,72.4,72.2,72.3,72.6,73.2,73.4,73.4,73.1,73.1,73.5,73.8,73.9,74,73.7,73.6,74,74.7,74.8,75,74.9,74.8,75.1,76,76.1,76.1,75.7,76.3,77,77.7,78.1,78.4,78.1,78,78.3,79.2,79.2,79.1,78.8,79.4,79.8,80.5,80.9,80.9,80.7,80.5,80.8,81.7,81.5,81.3,81,81.3,81.8,82.5,82.6,82.6,82.2,82.2,82.5,83.3,83.1,82.9,82.3,82.4,82.7,83.4,83.7,83.9,83.3,83.2,83.5,84.2,84.2,84,83.3,83.6,84.1,84.9,85,85,84.7,84.6,85,85.7,85.7,85.4,85,84.7,85,85.7,86.1,86.2,85.8,85.7,86.1,86.5,86.2,86.1,85.8,85.9,86.3,87.2,87.6,87.7,87.3,86.9,87.1,87.6,87.6,87.8,87.4,87.6,88.2,89.1,89.4,89.7,89.6,89.7,89.9,90.3,90.1,89.7,89.1,89.3,90,90.9,91.1,91.2,90.9,89.9,90.1,90.6,90.7,90.6,90.1,90.1,90.7,91.8,92.1,92,91.6,91.3,91.5,92.1,92.1,92,91.8,91.7,92.4,93.5,94,94,93.6,94,94.2,94.5,94.6,94.3,94,94,94.7,95.8,96.2,96,95.6,96.2,96.3,96.7,97.3,96.9,96.8,96.8,97.5,98.6,98.7,98.7,98.3,99.2,99,99.1,98.8,98.3,98.4,98.2,98.6,99.4,99.9,99.5,99.2,100.1,100,100,99.8,99.3,99.1,98.2,98.7,99.8,100.4,100.6,100.2,101,100.7,100.5,100.4,99.9,99.7,98.7,99.3,100.3,100.4,100.6,100.3,100.8,100.9,100.6,100.8,100.5,100.7,100.4,101.1,101.4,102,101.7,101.4,102.1,102.3,102,102.2,102,102,101.8,102.3,102.5,103.1,103.4,103.1,104.3,104.4,104,104.3,104.1,104,104.1,105,105.4,106.1,105.9,105.8,106.9,107.4,106.7,107.2,106.7,106.8,106,106.6,106.9,107.3,107.2,107.5,108.7,108.1,107.9,108.5,107.6,107.9,107.6,108.6,108.9,109.4,109.5,109.7,110.2,110.7,110.8,112.2,113.2,114,114.5,115.3,119.5,119.8,119.1,119.1,121.6,124,126.9,128.3,124.4,124.9,123.2,124.5,124.7,126,126.3,125.8,127.1,127.7,127.2,127.7,126.4,126.5,OECDstat,
NOR,142,Norway,Index,Headline Consumer Price Index,58.6,58.8,59.5,59.5,59.6,59.8,59.9,59.8,60.4,60.9,60.9,60.7,61,61.2,61.6,61.8,61.9,62,62,62,62.4,62.4,62.4,62.4,62.4,62.6,63.1,63.3,63.4,63.5,63.6,63.4,63.7,63.8,63.8,63.8,64,64.2,64.8,64.9,64.9,65,64.9,64.8,65.1,65.1,65.1,65,64.9,65.1,65.4,65.5,65.5,65.7,65.8,65.8,66.2,66.2,66.2,66.2,66.6,66.8,67.2,67.2,67.3,67.5,67.4,67.3,67.7,67.7,67.6,67.6,67.3,67.4,67.7,67.9,68,68.1,68.3,68.3,68.6,68.9,68.8,68.8,69.3,69.6,69.7,69.7,69.8,70,69.9,69.8,70.2,70.3,70.4,70.4,70.7,71,71.4,71.4,71.3,71.5,71.5,71.3,71.9,71.9,72,72.1,72.4,72.5,73,73.2,73.1,73.2,73,72.7,73.4,73.7,74,74.1,74.5,74.8,74.9,75.1,75.2,75.6,75.3,75.3,76,76,76.4,76.3,76.9,77.5,77.7,78,78.4,78.4,77.4,77.3,77.7,77.7,77.7,77.9,78,78.1,78.4,78.5,78.7,78.7,78.6,78.3,78.8,79.1,79.4,80,81.9,82,81.4,80.8,80.3,80.1,79.8,80,80.4,80.4,80.5,80.5,80.4,80.5,80.9,81,81.1,81.1,81,80.8,81.3,81.5,81.5,81.4,81.2,81.3,81.7,82.1,82.4,82.4,82.2,82.3,82.9,83,83,82.9,82.7,83.4,83.6,84.3,84.3,84.2,83.9,83.9,85.1,85.2,85.1,84.7,83.7,84,84.5,84.5,84.6,84.5,84.3,84.2,84.8,85,86.4,87.1,86.7,87.2,87.2,87.2,87.2,87.4,87.9,88,89.3,89.6,89.1,89,88.7,89.4,89.4,89.7,89.9,90.4,89.9,89.7,90.4,90.2,90.5,90.8,90.9,92,92.5,92.7,92.2,92.1,91.6,91.4,92,92.1,92.3,93.3,92.7,93.1,93.4,93.9,93.7,93.4,93.1,92.6,93.4,93.3,93.3,93.4,93.2,94.2,94.1,94.2,94.2,93.7,93.3,92.9,93.9,94.3,94.4,94.7,94.5,95.1,95.4,95.9,96,95.7,96.1,96,96.4,96.6,96.7,96.6,96.6,97.1,97.3,97.7,97.8,97.5,98.3,97.9,98.5,98.6,98.6,98.6,98.6,98.9,99.2,99.6,99.8,100.1,100.1,99.9,100.6,101,101.3,100.9,101.5,102.1,102.5,102.9,103.2,103.8,104.5,103.9,104.2,104.7,104.9,104.4,104.3,104.7,105,105.2,105.4,105.8,106.1,105.3,105.9,106,106.1,106.1,106,107,107.3,107.7,107.8,108.5,109.3,108.9,109.5,109.3,109.8,109.8,109.3,110.2,110.4,110.8,110.5,110.6,111.4,110.6,111.1,111.3,111.6,111.3,111.3,111.2,111.2,111.7,111.9,112.1,112.9,112.5,112.9,113.2,112.4,112.9,114.1,114.9,114.6,115,114.9,115.3,116.3,116.3,117.5,117.2,118.1,118.9,117.8,119.1,119.8,121.2,121.5,122.6,124.2,123.9,125.6,126,125.8,125.9,126.1,126.6,127.6,129,129.6,130.4,130.9,129.9,129.8,131.1,131.8,131.9,OECDstat,
POL,964,Poland,Index,Headline Consumer Price Index,4.3,5.3,5.5,5.9,6.2,6.4,6.6,6.8,7,7.5,7.8,8.3,9.4,10,10.4,10.7,11,11.5,11.5,11.6,12.1,12.5,12.9,13.4,14.3,14.6,14.9,15.5,16.1,16.4,16.6,17,17.9,18.5,18.9,19.3,20.1,20.8,21.2,21.7,22.2,22.4,22.7,23.2,23.8,24.2,25.2,26.6,27.1,27.4,27.9,28.7,29.2,29.9,30.3,30.8,32.2,33.1,33.7,34.3,35.7,36.5,37.1,38,38.7,39,38.7,38.8,40,40.7,41.3,41.9,43.3,44,44.6,45.6,46.2,46.7,46.6,46.8,47.8,48.5,49.1,49.7,51.1,51.7,52.1,52.6,52.9,53.7,53.5,53.6,54.4,54.9,55.6,56.1,57.9,58.9,59.2,59.6,59.9,60.1,59.9,59.5,60,60.3,60.6,60.8,61.8,62.1,62.7,63.2,63.7,63.8,63.6,63.9,64.8,65.5,66.1,66.7,67.9,68.4,69.1,69.3,69.8,70.3,70.8,70.6,71.3,71.9,72.2,72.3,72.9,72.9,73.3,73.8,74.7,74.6,74.4,74.2,74.4,74.7,74.8,74.9,75.5,75.6,75.7,76.1,76,75.7,75.3,75,75.3,75.5,75.4,75.5,75.7,75.8,76,76.2,76.2,76.1,75.8,75.5,75.9,76.3,76.5,76.7,76.9,77,77.2,77.9,78.6,79.3,79.3,78.9,79.1,79.6,79.8,79.9,80,79.9,80,80.3,80.5,80.4,80.2,80.2,80.5,80.9,80.7,80.6,80.7,80.7,80.7,81.2,81.6,81.4,81.5,81.7,81.8,81.7,81.8,81.7,82.1,82.3,82.7,83.1,83.5,83.5,83.3,82.9,83.6,84.1,84.7,84.9,85.5,85.8,86.1,86.4,87.1,87.3,87.3,86.9,87.2,87.5,87.7,87.6,88,88.8,89.5,90.1,90.6,90.8,90.8,90.5,90.5,90.6,90.8,90.8,91.4,91.6,91.8,92.2,92.5,92.7,92.6,92.1,92.7,93.2,93.3,93.7,94.8,95,95.9,96.4,96.9,96.5,96.2,96.2,96.3,96.9,97.6,98,98.7,99.1,99.6,100.1,100.3,100.4,100,99.6,99.7,100.1,100.2,100.3,100.4,100.4,100.5,100.9,100.9,100.9,101.2,100.9,100.9,101.1,100.9,101,101.1,101.2,101.3,101.3,101.2,101.2,101,100.6,100.6,100.6,100.4,100.1,100,99.9,100,100.4,100.4,100.4,100.4,100,99.6,99.7,99.6,99.5,99,98.9,99,99.3,99.4,99.6,99.2,99.1,99.1,99.6,99.6,100.4,100.8,101.1,101,101.3,101.3,101.2,101,100.9,101.3,101.8,102.3,102.6,102.9,102.6,102.6,103.1,103.3,103.4,103.1,103.1,103.4,103.8,103.8,103.8,103.5,103.9,104.3,105.4,105.7,106,106,106,106,106.2,106.3,107.1,108.1,108.8,109.1,109,108.8,109.4,109.2,109.1,109.3,109.4,109.5,109.6,110.9,111.5,112.7,113.6,113.9,114,114.4,114.8,115.6,116.9,118,119.1,121.4,121,125,127.6,129.8,131.7,132.4,133.4,135.5,138,138.9,139.1,142.6,144.3,146,147,147,147,146.7,146.7,146.1,146.5,147.6,147.7,OECDstat,
PRT,182,Portugal,Index,Headline Consumer Price Index,42.2,43.2,43.4,43.9,44.4,44.5,44.8,45.4,45.8,46.3,46.6,47,48,48.8,49.1,49.5,49.8,50.2,50.4,50.7,50.8,51.1,51.3,51.7,52.5,53.2,53.7,54.5,55,55.2,55.4,55.7,55.7,55.9,56,56.3,57.1,57.5,57.7,58.1,58.3,58.5,58.8,59,59.2,59.5,59.9,60,60.8,61.1,61.2,61.6,61.7,61.8,61.9,62,62.1,62.3,62.5,62.6,63.5,63.9,64.2,64.5,64.4,64.3,64.3,64.6,64.7,64.9,64.9,64.9,65.2,65.6,65.8,66.3,66.6,66.5,66.6,66.8,66.8,66.8,66.9,66.9,67.3,67.5,67.5,67.7,68.1,67.9,67.9,68.2,68.2,68.1,68.4,68.6,68.7,68.6,68.8,69.3,69.8,69.8,70,70,69.9,70.2,70.5,70.8,70.5,70.5,70.9,71.3,71.4,71.5,71.5,71.4,71.4,71.5,72,72.1,72,71.8,71.9,72.8,73.2,73.6,73.8,73.8,73.8,74.1,74.7,74.9,75.2,75.3,75.6,76.1,76.7,76.9,77,76.8,76.8,77.1,77.6,77.8,77.9,77.8,78.1,78.7,79.2,79.5,79.6,79.7,79.6,80.2,80.7,80.9,81,81,81,81.6,82.1,82.1,81.9,81.9,82.1,82.5,82.7,82.8,82.8,82.7,82.8,83.5,84.1,84.3,84.1,83.8,83.8,84.3,84.8,84.8,84.4,84.4,84.7,85.3,85.6,85.7,85.9,86,86.2,86.6,86.9,87,86.7,86.9,88,88.5,88.8,88.8,88.6,88.5,88.8,88.9,89,89.2,89,88.9,90.1,90.9,91,91,90.7,90.3,90.7,91.2,91.5,91.6,91.5,91.5,92.8,93.1,93.5,94,93.5,93,93.5,93.3,92.8,92.3,91.7,91.7,92.4,92.6,92.4,92.5,92,91.8,91.9,92,92.2,92.3,91.8,91.9,92.9,93.3,93.4,93.6,93.8,93.6,93.7,94.1,94.3,94.6,95.1,95.1,96.7,97.1,97,96.8,96.7,96.3,97.1,98.1,98,98,98.5,98.6,99.7,100,99.6,99.4,99.4,99.3,99.9,100.2,99.9,99.9,98.6,98.5,100.2,100.2,100.3,100.4,100.2,99.4,100,99.9,99.7,100.1,98.7,98.4,99.8,100,99.9,100,99.3,99.1,99.6,99.9,99.7,99.7,98.3,98.2,100.1,100.4,100.8,100.8,100,99.7,100.5,100.6,100.4,100.1,99.1,98.6,100.5,100.9,101.2,101.3,100.6,100.4,101.1,101.5,101,101,100.4,100.2,101.9,102.9,102.7,102.2,101.6,101.6,102.5,102.9,102.5,102.5,101.4,100.7,102.6,103.3,103.7,103.8,103.2,102.8,104,103.9,103.4,103.2,101.9,101.7,103.5,104.1,104.2,104.2,102.8,102.7,103.8,103.9,103.7,103.6,102.7,102.1,103.5,103.9,103.4,104.3,103,102.7,103.7,103.8,103.5,103.4,103,102.6,104,104.4,104.7,104.9,104.5,104.3,105.2,105.7,106.2,106.2,106.5,106.9,109.6,112,113.1,114,114,113.6,115,116.4,116.7,116.4,115.4,115.7,117.7,118.4,117.6,117.9,117.5,117.8,119.1,118.9,118.5,118,National sources,
SWE,144,Sweden,Index,Headline Consumer Price Index,63.3,63.5,65.3,65.5,65.9,65.8,66.4,66.9,67.7,68.1,68.3,68.3,69.9,71.8,72.1,72.5,72.5,72.4,72.5,72.4,73.1,73.4,73.8,73.7,73.5,73.6,73.9,74.1,74.1,73.9,73.8,73.9,75,75.1,74.7,75,77.1,77.3,77.6,77.9,77.7,77.5,77.3,77.4,78.1,78.3,78.4,78.1,78.3,78.6,78.9,79.2,79.4,79.4,79.4,79.4,80.1,80.2,80.2,80,80.3,80.6,80.9,81.4,81.5,81.4,81.4,81.3,81.8,82,82,81.7,81.6,81.7,82,82.3,82.2,81.9,81.7,81.3,81.8,81.8,81.7,81.5,81.5,81.5,81.8,82.2,82.2,82.3,82.2,82.2,83,83.1,82.9,82.9,82.1,82,82.1,82.3,82.5,82.3,82.1,81.7,82,82.2,82,81.9,81.9,81.9,82.2,82.4,82.6,82.7,82.3,82.3,82.9,83,82.8,83,82.3,82.7,83.1,83,83.4,83.4,83,83,83.6,83.8,83.8,83.8,83.5,83.8,84.4,85.2,85.8,85.6,85.2,85.4,86.1,85.9,85.9,86,85.8,86,86.7,87.1,87.3,87.2,86.9,86.9,87.6,87.9,87.7,87.8,88.1,88.8,89.3,89,88.9,88.6,88.3,88.3,88.9,89,88.8,88.9,88.7,88.5,89.2,89.2,89.4,89,88.9,88.8,89.4,89.7,89.2,89.2,88.7,89.1,89.3,89.4,89.5,89.5,89.2,89.3,90,90.1,89.9,89.9,89.2,89.6,90.3,90.7,90.9,90.9,90.7,90.8,91.3,91.3,91.4,91.4,91,91.4,92,92.5,92.4,92.5,92.4,92.4,93.3,93.8,94.4,94.6,93.9,94.3,95.2,95.6,95.9,96.4,96.2,96.4,97.4,97.5,96.7,95.4,95.1,95.1,95.4,95.5,95.3,95.5,95,95.2,95.5,95.8,95.8,96,95.4,95.9,96.2,96.2,96.4,96.4,96.1,96.1,96.9,97.2,97.5,98.2,97.7,98.3,99,99.4,99.6,99.3,99.3,99.3,100,100,100.3,100.5,99.5,100.2,100.5,100.7,100.6,100.4,100,100.1,100.5,100.4,100.2,100.4,99.6,100,100.4,100.2,100.4,100.2,100.1,100.2,100.5,100.3,100.3,100.5,99.4,99.8,99.8,100.2,100.2,100.4,100.1,100,100.2,100.2,100.1,100.2,99.2,99.9,100,99.9,100.3,100,100,99.8,100.2,100.3,100.1,100.3,99.9,100.3,100.8,100.7,100.9,101,101.1,101,101.1,101.5,101.5,102,101.3,102,102,102.6,102.7,102.8,103.3,103.1,103.3,103.2,103.4,103.8,102.9,103.7,104,104.4,104.6,104.9,105.4,105.2,105.7,105.5,105.4,105.9,104.9,105.6,105.9,106.6,106.9,106.7,107.2,106.7,107.2,107.2,107.3,107.8,106.2,106.7,106.6,106.2,106.9,107.5,107.7,107.6,107.6,107.5,107.5,108.3,107.9,108.2,108.4,108.6,108.8,108.9,109.2,109.8,110.3,110.6,111.1,112.5,111.9,112.8,114.8,115.5,116.7,118.4,118.5,120.6,122.3,122.6,123.8,126.4,124.9,126.3,127,127.6,128,129.4,129.5,129.6,130.2,130.5,131,131.9,OECDstat,
USA,111,United States,Index,Headline Consumer Price Index,53.8,54,54.3,54.4,54.5,54.8,55,55.5,56,56.3,56.5,56.5,56.8,56.9,57,57,57.2,57.4,57.5,57.6,57.9,58,58.1,58.2,58.3,58.5,58.8,58.9,58.9,59.2,59.3,59.4,59.6,59.8,59.9,59.9,60.2,60.4,60.6,60.8,60.8,60.9,60.9,61.1,61.2,61.5,61.5,61.5,61.7,61.9,62.1,62.2,62.2,62.4,62.6,62.9,63,63.1,63.2,63.2,63.4,63.7,63.9,64.1,64.2,64.3,64.3,64.5,64.6,64.8,64.8,64.8,65.1,65.4,65.7,65.9,66.1,66.1,66.2,66.4,66.6,66.8,66.9,66.9,67.1,67.3,67.5,67.6,67.5,67.6,67.7,67.8,68,68.2,68.1,68.1,68.2,68.3,68.4,68.6,68.7,68.8,68.9,68.9,69,69.2,69.2,69.2,69.3,69.4,69.6,70.1,70.1,70.1,70.3,70.5,70.8,71,71,71,71.2,71.6,72.2,72.3,72.4,72.7,72.9,72.9,73.3,73.4,73.5,73.4,73.9,74.2,74.3,74.6,75,75.1,74.9,74.9,75.2,75,74.8,74.6,74.7,75,75.4,75.9,75.9,75.9,76,76.2,76.4,76.5,76.5,76.3,76.7,77.3,77.7,77.5,77.4,77.5,77.6,77.9,78.1,78.1,77.8,77.8,78.1,78.6,79.1,79.3,79.8,80,79.9,80,80.1,80.5,80.6,80.3,80.5,80.9,81.6,82.1,82,82.1,82.4,82.9,83.9,84,83.4,83,83.7,83.8,84.3,85,85.4,85.6,85.9,86,85.6,85.1,85,85.1,85.4,85.9,86.6,87.2,87.7,87.9,87.9,87.7,88,88.2,88.7,88.6,89.1,89.3,90.1,90.6,91.4,92.3,92.8,92.4,92.3,91.4,89.6,88.7,89.1,89.5,89.7,90,90.2,91,90.9,91.1,91.1,91.2,91.3,91.1,91.4,91.4,91.8,92,92.1,92,92,92.1,92.2,92.3,92.3,92.5,92.9,93.4,94.3,94.9,95.3,95.2,95.3,95.6,95.7,95.5,95.4,95.2,95.6,96.1,96.8,97.1,97,96.8,96.7,97.2,97.6,97.6,97.1,96.9,97.2,98,98.2,98.1,98.3,98.5,98.6,98.7,98.8,98.5,98.3,98.3,98.7,99.1,99.7,100,100.4,100.6,100.5,100.4,100.4,100.2,99.6,99.1,98.6,99,99.6,99.8,100.3,100.7,100.7,100.5,100.4,100.3,100.1,99.8,100,100,100.5,100.9,101.4,101.7,101.5,101.6,101.9,102,101.8,101.9,102.5,102.8,102.9,103.2,103.3,103.3,103.3,103.6,104.1,104.1,104.1,104,104.6,105.1,105.3,105.7,106.1,106.3,106.3,106.4,106.5,106.7,106.3,106,106.2,106.6,107.3,107.8,108,108.1,108.3,108.2,108.3,108.6,108.5,108.4,108.8,109.1,108.9,108.2,108.2,108.8,109.3,109.7,109.8,109.9,109.8,109.9,110.4,111,111.8,112.7,113.6,114.6,115.2,115.4,115.7,116.7,117.3,117.6,118.6,119.7,121.3,122,123.3,125,125,125,125.2,125.7,125.6,125.2,126.2,126.9,127.3,128,128.3,128.7,129,129.5,129.9,129.8,129.5,129.4,OECDstat,