"AUT","BEL","CAN","CHE","DEU","DNK","ESP","FIN","FRA","GBR","GRC","HUN","ISR","ITA","JPN","KOR","LUX","MEX","NLD","NOR","PRT","SWE","USA"
59.6,60.6,47,74.6,64.4,61.9,49.3,65,67.8,58.8,27.2,7.9,19.6,51.2,80.9,27.1,58.9,4.7,57.5,42.6,37.5,65.5,54.8
59.6,60.7,47.4,74.9,64.4,62.2,49.6,65.3,68.1,59.5,28.3,8.1,19.9,51.5,81.3,27.1,59,4.7,57.9,42.6,37.5,66.5,55.3
59.8,61.1,47.8,74.9,64.5,62.2,49.9,65.6,68.4,61.4,28.9,8.4,20,51.7,81.5,27.1,59.1,4.7,58.2,41.6,37.9,66.8,55.4
59.8,61.2,48.3,75.5,64.6,62.9,50.2,65.8,68.5,61.9,29.4,8.4,20.5,51.8,81.5,27.1,59.3,4.7,58.3,42.2,38.5,67.3,55.5
60.1,61.4,48.6,75.6,64.8,62.8,50.4,66.3,68.7,62.2,30.1,8.4,20.5,52.1,81.5,27.1,59.4,5,58.2,42,38.7,67.2,55.6
61,61.7,48.4,75.7,64.8,62.4,50.6,66.2,68.8,62.4,29.8,8.6,20.6,52.2,81.6,27.1,59.5,5.1,58.4,42.1,39,67.6,55.9
61.2,61.8,48.6,76.5,64.9,62.9,50.7,66.5,69.1,62.8,29.6,8.7,22.7,52.5,81.7,27.1,59.7,5.1,58.5,42.7,39.4,67.9,56.3
60.5,61.8,49.1,76.6,65.1,63.4,50.9,66.9,69.3,63.3,30.8,8.9,24.6,52.7,82,27.1,59.9,5.1,58.9,44,39.6,68.6,56.6
60.3,61.8,51.3,76.8,65.5,63.4,51.2,67,69.5,63.8,31.8,9,25.7,53.1,85.6,27.2,60.4,5.2,59,46,40,69.1,56.9
60.5,61.8,53.1,78,65.4,63.7,51.4,67,69.6,63.7,32.3,9.2,25.4,53.4,87.3,28.2,60.4,5.7,59.1,45.6,40.5,69.5,57
60.6,62,53,78.1,65.4,63.5,51.7,67,69.7,63.7,33,9.2,24.3,53.6,87.6,30.6,60.4,6.1,59,44.5,40.7,69.7,57.1
61.1,62.9,55.3,78.6,65.7,63.6,52.5,68.1,70,63.9,32.7,10.1,24.7,53.6,87,30.6,60.7,6.1,58.9,47.1,42.1,71.2,57.5
61.5,63.1,52.1,79.3,66,63.9,52.8,68.6,70.3,64.3,32.4,10.5,24.1,54.1,86.1,30.6,60.8,6.2,59,46.8,42.9,73.9,57.9
61.7,63.3,50.4,79.5,66.2,64.2,53.1,68.8,70.5,64.6,33.2,10.9,23.8,54.4,85.2,30.6,60.9,6.3,59.4,46.4,43.3,74.3,58.2
61.7,63.4,49.6,79.7,66.4,64.3,53.4,69.1,70.6,65.2,34.4,11.5,24.3,54.6,84.6,30.6,61,6.2,59.4,46.4,43.9,74.9,58.2
61.7,63.6,51.1,80.6,66.6,64.7,53.6,69.5,70.8,65.3,34.6,11.5,25.1,55,84.3,30.6,61.4,6.2,59.6,46.9,44.2,74.9,58.3
62,63.9,51.2,80.7,67,64.8,53.8,69.5,71,65.5,35.1,11.5,26.3,55.3,84.2,30.6,61.4,6.2,59.6,47,44.4,74.7,58.4
62.9,64.2,51.9,81,67.5,64.4,54,69.2,71.2,65.4,35.2,11.9,26.5,55.5,84.2,31.3,61.7,6.2,60,46.8,44.7,74.5,58.6
63.3,64.3,51.7,81.6,67.6,64.5,54.2,69.3,71.3,65.5,35.1,11.9,26.4,55.6,84.1,31.3,61.9,6.2,60.3,46.7,45,74.5,58.9
62.7,64.4,52.1,81.7,67.6,65,54.5,69.6,71.5,66,36.6,12.1,26.3,55.9,84.1,31.4,62,6.3,60.8,46.6,45.3,75.8,59.2
62.5,64.6,51.1,81.8,68.8,65.1,54.8,69.7,71.8,66.2,37.4,12.2,26.9,56.1,84.1,31.6,62.2,6.3,61,46.6,45.7,76.2,59.4
62.7,64.7,51.1,82.7,69,65.5,55.1,69.7,72,66.4,38,12.4,27.2,56.5,84.3,32.2,62.5,7.6,61,46.7,46.1,76.4,59.6
62.8,64.9,50.4,82.8,69.2,65.4,55.3,70.2,72.1,66.5,38.7,12.4,27.2,56.6,84.4,32.2,62.6,8.3,60.9,46.2,46.4,76.7,59.6
63.4,65.2,51.9,83.3,69.7,65.2,55.9,70.6,72.2,66.5,38.4,13.3,26.8,56.9,84.3,32.2,63.2,8.3,60.8,46.8,47.5,77,59.8
64.1,65.5,50.6,84,70,65.6,56.5,70.8,72.6,66.8,38.5,13.7,26.9,57.3,84,32.2,63.4,8.3,61.2,46.8,48.1,77.1,60.1
64.4,65.7,50.2,84.3,70.4,65.9,56.8,71.1,72.8,67,39.6,13.9,27.1,57.6,83.9,32.3,63.5,8.3,61.7,47,48.5,77.6,60.4
64.3,65.6,50.3,84.4,70.7,66.1,57.1,71.4,73,68.2,40.3,14.1,26.9,57.8,83.6,32.7,63.7,8.3,61.9,47.1,48.9,77.7,60.5
64.5,65.9,51.1,84.8,70.9,66.5,57.3,71.5,73.2,68.4,40.4,14.2,27.2,58.2,83.6,32.7,64,8.3,62,47.3,49.7,77.7,60.6
64.8,66.2,51.9,84.9,71.1,66.5,57.4,71.9,73.3,68.5,41.1,14.4,28.5,58.3,83.6,33.8,64.1,8.4,61.8,47.4,50.2,77.4,60.6
65.8,66.5,52.9,84.9,71.4,66.2,57.6,71.8,73.5,68.3,40.9,14.5,28.8,58.5,83.6,36.1,64.3,8.4,62.2,47.8,50.4,77.4,60.8
66.1,66.6,52.3,85.5,71.6,66.4,57.9,71.8,73.6,68.4,40.7,14.6,28.4,58.7,83.6,36.1,64.4,8.5,62.5,47.9,50.7,77.6,61
65.4,66.6,51.9,85.6,71.7,66.7,58.4,72.3,73.8,68.8,42.1,14.8,28.5,58.8,83.9,36.1,64.6,8.5,63.1,47.6,50.9,79.2,61.1
65.3,66.8,51.9,85.6,71.7,66.6,58.6,72.6,74,69,43.5,15.1,28.9,59.1,84.1,36.1,64.9,8.6,63.1,47.9,51.4,79.4,61.5
65.5,67,52.4,86.6,72,66.8,58.9,72.7,74,68.8,44.1,15.3,29,59.6,84.2,36.2,65.2,8.7,63.2,48.1,51.9,79,61.6
65.6,67,52.3,86.6,72.1,66.7,59.1,72.5,74.1,68.4,44.8,15.5,29.5,59.8,84.2,36.3,65.2,8.8,63,48,52.1,79.2,61.6
66.4,67.5,52.6,87.8,73.5,66.5,59.5,72.8,74.3,67.6,44.4,16.4,28.8,60.2,84.3,36.4,65.9,9,63,49.1,53.2,80.6,61.9
66.9,67.8,52.3,88.5,74.2,66.8,59.9,73.1,74.7,68,44.5,16.7,28.8,60.4,84.3,36.4,66.2,9.1,63.5,49.2,53.9,80.8,62.3
67.2,68,51.9,88.6,74.4,67,60.2,73.2,75,68.2,46.8,16.8,29,60.7,84.3,36.4,66.4,9.2,63.9,49.3,54.3,81.2,62.5
67.2,68.2,52,88.7,74.6,67.1,60.6,73.4,75.1,68.9,47.4,17,29.4,60.9,84.2,36.4,66.5,9.2,64.2,49.7,54.8,81.6,62.6
67.3,68.3,52.3,88.9,74.7,67.5,60.8,73.7,75.2,69.1,47.7,17.1,29.8,61.1,84.2,36.4,66.7,9.2,64.2,49.6,55.2,81.4,62.6
67.5,68.5,52.8,88.9,74.9,67.6,61.1,73.5,75.3,69.1,48.4,17.2,30,61.5,84.2,36.4,66.8,9.3,63.9,49.4,55.4,81.2,62.7
68.4,68.9,52.6,89,75.5,67.4,61.3,73.3,75.3,69,47.6,17.4,29.9,61.7,84.1,36.4,67,9.4,64.5,49.5,55.5,80.9,62.7
68.7,69,52.3,89.5,75.6,67.5,61.4,73.2,75.5,69.4,47.6,17.6,29.8,61.9,84.1,36.4,67.3,9.5,64.9,49.5,55.8,81.1,63
68,68.9,52.5,89.6,75.6,67.7,61.6,73.4,75.7,69.8,49,18.1,29.9,62,84,36.4,67.4,9.6,65.5,49.5,56,82.2,63.1
68,69,52.2,89.7,75.5,67.9,61.8,73.5,75.8,69.8,49.8,18.3,29.8,62.3,83.8,36.4,67.6,9.8,65.4,49.4,56.3,82.6,63.4
68.2,69.1,52.2,89.5,75.6,68.1,61.9,73.5,75.8,69.8,50.1,18.4,29.9,62.6,83.1,36.5,67.8,9.9,65.4,49.3,56.6,82.7,63.5
68.4,69.2,51.6,89.5,75.9,68,62,73.6,75.8,69.8,50.7,18.7,30.1,62.7,82.9,36.6,67.9,10,65.1,48.9,56.7,82.3,63.5
68.8,69.5,51.1,90.2,76,67.9,62.5,73.3,76,69.4,50.5,19.3,30.5,62.9,82.9,37.1,68,10.1,65.3,48.9,57.5,82.5,63.7
69.4,69.8,51.7,90.6,76.6,68.2,62.7,73.6,76.2,69.9,50.3,19.6,30.5,63.2,82.7,36.8,68.3,10.2,65.6,49,58,82.6,64
69.6,70,51.9,90.7,76.8,68.3,63.1,73.7,76.4,70.1,51.9,19.8,30.6,63.4,82.7,36.9,68.3,10.3,66,49.1,58.3,83.1,64.3
69.5,70.1,51.8,90.7,76.8,68.5,63.2,73.7,76.6,70.8,52.6,20.1,31.1,63.5,82.6,36.8,68.4,10.3,66.2,48.7,58.6,83.3,64.4
69.5,70.3,52.3,90,76.9,68.8,63.5,73.7,76.6,71,52.5,20.2,31.7,64,82.6,35.9,68.5,10.3,66.2,48.7,58.7,83.5,64.4
69.7,70.3,53,90,77,68.9,63.6,74.7,76.6,71,53.1,20.4,32.2,64,82.5,36.2,68.5,10.4,65.8,48.9,58.9,83.4,64.5
70.6,70.7,53.5,90,77.3,68.7,63.7,74.6,76.7,70.6,52.5,20.6,32.8,64.2,82.5,36.4,68.8,10.5,66.2,49.8,59,83.2,64.6
71,70.8,53.9,90.5,77.5,68.9,64,74.9,76.8,70.9,52.8,20.9,33.3,64.3,82.4,36.7,68.8,10.6,66.6,50.1,59.2,83.1,64.8
70.3,70.6,53.4,90.5,77.4,69,64.3,75.2,77,71.2,54.4,21.3,33.7,64.5,82.3,36.3,69,10.6,67.2,49.9,59.4,84.2,65
70.1,70.6,52.3,90.5,77.3,69.2,64.5,75.4,77,71.4,55.2,21.6,33.6,64.8,82.2,35.8,69.1,10.8,67.2,49.8,59.8,84.6,65.2
70.2,70.7,53.2,90.7,77.4,69.4,64.6,75.4,77.2,71.5,55.5,21.9,33.8,65,82.1,35.9,69.3,10.8,67.1,50.1,60,84.5,65.3
70.3,70.7,52.7,90.7,77.7,69.4,64.8,75.4,77.2,71.7,56.1,22.3,33.6,65.1,82,36,69.4,10.9,66.8,49.8,60,84.4,65.2
70.7,70.9,52.5,91,77.9,69.3,65.2,75.9,77.2,71.5,55.9,22.9,34.4,65.4,81.8,35.8,69.7,11.5,66.9,52.4,60.7,84.6,65.5
71.1,71.2,52.7,91.8,78.3,69.5,65.5,76.2,77.5,72,55.5,23.5,34.6,65.9,81.5,36.4,69.8,11.5,67.3,52.4,61.1,84.9,65.9
71.4,71.2,53,92.1,78.4,69.8,65.8,76.2,77.8,72.3,57.4,24.5,34.7,66.3,81.4,37.1,69.9,13,67.6,52.4,61.3,85.2,66.2
71.4,71.4,53.2,92.2,78.5,70,66.3,76.3,77.9,73.2,57.9,25.1,35,66.6,81.3,36.7,69.9,15.3,67.8,52.2,61.7,85.7,66.3
71.1,71.3,54.4,92,78.4,70.3,66.5,76.5,77.9,73.3,57.6,25.7,35.5,67,81,37.1,70,15.3,67.6,52.4,61.9,85.7,66.4
71.4,71.5,54.3,92,78.5,70.3,66.7,76.9,77.9,73.6,58.3,26.2,36.5,67.4,80.9,36.7,70,15.4,67.5,52.4,62.2,85.6,66.4
72.1,72,53.9,92,79,69.8,66.8,76.9,77.9,73.2,57.5,26.6,36.4,67.5,80.6,36.5,70.1,15.7,67.7,52,62.4,85.6,66.5
72.6,72,53.2,92.6,79.1,69.9,66.9,76.9,78.4,73.5,57.7,26.9,36.4,67.8,80.5,36.9,70.1,15.8,68,52.1,62.4,85.6,66.7
71.7,71.8,53.3,92.6,79.1,70.4,67.1,77,78.8,73.9,59.2,27.4,36.5,68,80.4,38.1,70.2,16,68.6,52.3,62.6,86.3,66.9
71.4,71.8,52.7,92.6,78.9,70.5,67.4,77,78.9,73.6,60.1,28,36.7,68.2,80.4,38.4,70.3,16.4,68.6,52,62.9,86.8,67.2
71.5,72,52.5,92.7,78.9,70.6,67.4,76.9,78.9,73.6,60.4,28.4,36.8,68.7,80.3,37,70.4,16.9,68.5,52.3,62.9,86.8,67.3
71.5,71.8,53.2,92.7,79.2,70.6,67.6,76.9,78.9,73.8,61.1,28.7,37,68.8,80.1,38,70.4,17.6,68.3,52.3,62.9,86.6,67.2
71.7,72.5,53.2,92.7,79.4,70.5,67.8,76.5,79,73.4,61,29.9,39.7,69,78.7,38.9,70.4,18.3,69.4,50.3,63.2,87.1,67.5
72.1,72.6,53.1,92.9,79.9,70.9,68.1,76.8,79.3,73.8,60.7,30.7,40.5,69.3,78.7,39.2,70.5,18.7,69.7,50.3,63.5,87.2,67.8
72.4,72.6,53.9,93,79.8,71.3,68.4,76.7,79.7,74.1,62.4,31.3,40.8,69.6,78.7,38.5,70.6,19,70.2,50.6,63.9,87.4,68.1
72.3,72.6,54.7,93,79.7,71.4,68.7,76.8,79.8,74.5,62.9,31.9,42,69.8,78.7,39.1,70.6,19.7,70.4,51.6,64,87.5,68.1
72.2,72.4,56.4,92.7,79.8,71.7,68.8,76.9,79.9,74.7,62.7,32.5,42.5,70,78.6,39.2,70.7,19.7,70.4,51.6,64.1,87.4,68.2
72.5,72.4,55.6,92.7,80,71.7,69,76.9,79.9,74.8,63.3,32.8,42.2,70.2,78.6,39.1,70.6,19.9,70.2,51,64.4,87.2,68.2
73.2,73.2,54.2,92.7,80.2,71.3,69.1,76.9,79.8,74.4,62.4,33,42.7,70.3,79,41.3,70.7,20.2,70.3,51.9,64.5,86.6,68.3
73.7,73.5,54.3,93.2,80.3,71.5,69.2,76.9,79.8,74.7,62.4,33.2,43.7,70.4,78.8,42,70.8,20.5,70.4,51.9,64.6,86.4,68.4
72.9,73.2,54.7,93.2,80.2,71.9,69.3,77,80,75.3,64,33.6,43.8,70.5,78.7,42.3,70.8,20.9,71.1,52.3,64.7,86.8,68.7
72.6,73.2,55.8,93.1,80.2,71.9,69.4,77.1,80.1,75.4,65.1,34,44.3,70.6,79,42.5,70.9,21.5,71.2,53.9,65,86.9,68.9
72.7,73.4,55.7,93.1,80.1,72.1,69.5,76.9,79.8,75.5,65.3,34.3,44.8,70.8,79.1,43.3,71,22.2,71.1,53.8,65.3,86.9,69
72.8,73.6,56.1,93.1,80.4,72.2,69.6,76.9,80,75.7,66.1,34.6,45.8,70.9,79.5,44.5,71.1,23.3,70.9,53.4,65.1,86.6,68.9
72.9,73.8,56.5,93.2,80.9,72.2,69.9,76.8,79.8,74.9,65.6,36,46.7,71.1,79.8,46.7,71.2,23.7,70.5,56.6,66.9,86.6,69.1
73.1,74,56.8,93.3,81.1,72.2,70.1,76.9,80.2,75.3,65.3,36.8,47,71.3,80.1,47.4,71.4,24,70.8,56.6,67.2,86.4,69.5
73.2,73.7,56.5,93.4,81.2,72.3,70.3,77.2,80.5,75.7,67.4,37.5,47.1,71.5,80.1,47,71.4,24.3,71.6,56.2,67.4,86.9,69.8
73.2,73.5,55.6,93.4,81,72.5,70.4,77.5,80.6,76,67.9,38,47.7,71.6,81.6,46.7,71.4,24.4,71.7,54.4,67.6,87.3,69.9
73.4,73.4,55.7,93.1,81.1,72.9,70.5,77.6,80.6,76.2,67.9,38.4,47.4,71.9,81.9,46.3,71.5,24.3,71.7,55.4,67.7,87.2,69.9
73.4,73.4,55.9,93.1,81.2,73,70.6,77.8,80.6,76.2,68.1,38.8,47.8,71.9,81.7,46.5,71.5,24.6,71.3,54.6,67.8,87.2,69.8
73.4,74.2,55.5,93.1,82.1,72.7,70.9,77.8,80.4,75.8,66.9,39,48.1,72,81.8,45.3,71.6,24.9,71.3,53.4,67.9,86.7,70
73.4,74.4,56.6,93.3,82.2,72.9,71,77.8,80.6,76.2,67,39.1,48.6,72.1,81.7,45.7,71.7,25,71.5,53.7,68,86.7,70
73.5,73.9,56.8,93.3,82,73.2,71,77.9,80.8,76.6,68.8,39.6,49.1,72.2,81.5,46.2,71.8,25.3,72.3,53.7,68.1,87.8,70.2
73.7,73.9,56.3,93.2,81.9,73.3,71.1,78.2,80.6,76.7,69.3,40,49.6,72.4,81.2,46.5,72,26,72.4,54.2,68.2,88,70.5
73.6,74.1,55.7,93.2,81.9,73.4,71.2,78.2,80.6,77,69.4,40.3,49.9,72.7,80.9,47.9,72.1,26.8,72.3,54.8,68.3,88,70.5
73.8,74.2,55.5,93.2,82.1,73.4,71.3,78.3,80.7,77.1,70.1,40.6,49.5,72.7,80.7,61.2,72,27.3,72.1,54.7,68.3,87.9,70.5
73.8,74.6,55.1,93.3,82.1,73.1,71.6,78.2,80.4,76.3,69,41.9,49.4,72.9,80.2,65,72.2,27.8,71.8,55.8,68.3,86.8,70.7
74,74.9,54.1,93.4,82.4,73.5,71.7,78.2,80.9,76.6,68.6,42.7,49.1,73.1,78.6,69.6,72.2,28.1,72.3,55.2,68.2,86.6,71
74.1,74.8,53.5,93.5,82.4,73.8,71.9,78.5,81.1,76.9,71,43.3,48.6,73.4,78.2,62.2,72.3,28.3,73,55.4,68.4,86.9,71.2
74.3,74.9,53.5,93.5,82.4,73.9,72.1,78.9,81.2,77.2,72.1,43.7,48.8,73.5,77.7,62.1,72.2,28.4,73.1,53.7,68.9,87,71.4
74.2,75.2,54.3,93.2,82.4,74.3,72.3,78.8,81.3,77.5,72,44.1,48.9,73.7,77.6,58.1,72.3,27.8,73,52.6,69.4,87.1,71.5
74.3,75.2,54.3,93.2,82.6,74.3,72.4,78.9,81.3,77.4,72.5,44.3,48.8,73.8,77.4,59,72.3,28,72.7,52,69.5,86.8,71.4
74.2,75.5,53.8,93.3,83.1,74.1,72.7,78.8,81.1,76.8,71.3,44.6,49.3,73.8,77.4,58.9,72.5,28.2,72.9,52,69.6,86.5,71.5
74.4,75.4,53.7,93.7,83,74.3,73,78.9,81.3,77.1,71.4,44.6,48.9,74,77.3,58.8,72.5,28.3,73.1,51.3,69.5,86,71.7
74.4,75.5,52.9,93.7,82.8,74.6,73,79.3,81.3,77.7,73.1,44.9,48.8,74,77.4,60,72.5,28.6,73.8,51.9,69.6,86.7,71.9
74.4,75.5,54.1,93.7,82.8,74.7,73,79.5,81.3,77.6,73.6,45.4,49.7,74.1,76.8,62.3,72.6,29.3,74,51.4,70,87,72.1
74.5,75.4,53.7,93.6,82.8,75,73.1,79.5,81.2,77.8,73.6,45.6,51.3,74.2,76.8,62.4,72.6,31.5,73.9,51.8,70.5,86.8,72.2
74.6,75.4,53.1,93.6,83,75,73.2,79.5,81.3,78,74.1,45.8,51.7,74.3,76.7,61.4,72.6,32.7,73.6,52,70.6,86.7,72.2
74.5,75.6,53.2,93.7,82.8,74.6,73.4,79.1,81,77.2,72.9,47,52.1,74.4,76.5,59.4,71.1,32.9,73.4,54.6,70.3,86.5,72.4
74.6,75.9,52.8,94.1,82.9,75.3,73.6,79.2,81.3,77.4,72.4,47.8,51.7,74.5,76.3,58.9,72.8,33.4,73.8,54.2,70.3,86.5,72.5
74.7,75.9,53.5,94.2,82.9,75.7,73.8,79.5,81.6,77.6,74.4,48.5,51.7,74.7,76.3,58.9,72.9,33.8,74.5,53.5,70.5,86.8,72.7
74.7,76,55.5,94.2,82.8,75.8,74,79.8,81.8,77.9,75.1,49.1,52.5,74.8,75.6,60.1,73,33.9,74.7,53.4,70.9,87,73
74.8,76.1,55.9,94,82.9,75.9,74.1,79.9,81.8,78.1,74.9,49.4,52.9,74.9,75.6,61,73.2,33.1,74.7,53,71.4,87.1,72.9
74.8,76.1,55.5,94,83,76.1,74.3,79.9,81.8,78.1,75.1,49.7,52.7,75,75.8,60.8,73.2,33.3,74.5,52.2,71.5,87.2,72.9
74.9,76.3,56.7,93.9,83.4,75.7,74.5,79.7,81.5,77.4,73.7,50.2,53.3,75.2,75.9,60.7,72,33.8,74.5,52.3,71.6,86.8,73
74.8,76.3,58.7,94.5,83.3,76,74.7,79.8,81.8,77.6,73.7,50.5,54.7,75.3,76.1,61.3,73.3,34.1,75,52.8,71.3,86.6,73.1
74.8,76.4,59.5,94.6,83,76.4,74.7,80.2,81.8,78.1,75.1,50.7,55.8,75.4,76.4,62.7,73.5,34.6,75.4,54.2,71.3,87.4,73.4
74.9,76.4,60.3,94.5,83,76.6,74.7,80.4,81.7,78,75.2,50.9,56.8,75.7,77,65.7,73.7,35.3,75.5,56,71.8,87.6,73.6
74.9,76.6,59.7,94.4,83.2,76.6,74.7,80.4,81.6,78.1,75.2,51,56.5,75.8,77.3,66.9,73.7,36.8,75.5,57.1,72.4,87.4,73.6
75.3,76.7,61.1,94.4,83.4,76.6,74.9,80.6,81.7,78.2,75.7,51.2,57.2,75.8,77.5,66.2,73.9,37.6,75.1,58.1,72.5,87.5,73.6
75.1,76.9,61.2,94.5,83.4,76.3,75.2,80.5,81.6,77.2,74.4,51.7,56.9,75.9,77.9,65.2,73,38,74.5,60.4,72.2,86.6,73.8
75.5,77.1,63,94.7,83.4,76.7,75.4,81,81.6,77.5,73.7,52.4,57.2,76.1,77.8,65.7,74.2,38.4,74.9,60.3,71.9,86.7,74.1
75.6,77.3,65.5,94.5,83.2,77.2,75.6,81.3,82,77.7,75.6,52.8,59.1,76.2,77.9,65.6,74.3,38.9,75.6,60.1,72.1,87.1,74.5
75.8,77.3,63.1,94.5,83.3,77.3,76,81.7,81.9,77.9,76.2,53.4,58.7,76.2,78.5,64.7,74.5,39.2,75.9,59.4,72.8,87.3,74.7
75.7,77.4,63.8,94.4,83.1,77.5,76.1,81.8,82,78.1,76.4,53.5,57.8,76.4,78.6,64.4,74.7,38.6,75.9,59,73.4,87.5,74.7
76.2,77.5,66.3,94.4,83.2,77.7,76.3,81.8,82.1,78,76.4,53.7,59.9,76.6,78.7,67.3,74.8,39.1,75.7,60.2,73.6,87.3,74.7
76.2,77.7,66.8,94.5,83.7,77.3,76.9,81.5,81.9,77.3,74.9,53.9,61.6,76.7,79.2,67.3,73.7,39.5,75.4,59.7,73.7,86.9,74.8
76.4,77.8,65.7,94.5,83.6,77.4,77.1,82.1,82.1,77.6,75.1,54.2,58.8,76.8,79.3,68.6,75,40.2,75.8,58.5,73.4,87.1,75
76.3,78,68.6,94.5,83.4,77.9,77.1,82.6,82.3,78.2,76.9,54.6,59.8,76.8,79.4,70,75.2,40.9,76.8,60.8,73.6,87.6,75.3
76.5,77.9,69.5,94.5,83.4,78,77.2,82.9,82.3,78.2,77.4,54.9,59.5,77.1,78.8,71,75.3,41.7,76.9,61.2,74,87.9,75.5
76.5,78.1,70.5,94.9,83.4,78.2,77.3,82.9,82.3,78.3,77.5,55.2,60.4,77.2,79,71.3,75.5,43.4,76.9,62.9,74.7,88,75.5
76.8,78.1,69.4,94.9,84.3,78.2,77.5,82.9,82.3,78.4,78.2,55.4,59.5,77.3,79.2,72.5,75.6,44,76.5,62.2,74.7,88.1,75.5
77,78.2,67.6,95.3,83.8,77.7,77.8,82.8,82.2,77.6,77,56.4,57.1,77.7,79.4,72.5,74.8,44.4,76.7,63.6,74.7,87.6,75.7
77.3,78.5,67,95.1,84.2,78.4,78.1,83.3,82.4,77.8,76.3,57,58,77.9,79.2,73,76.1,44.9,77.4,65.2,74.5,87.7,76.1
77.4,78.6,67.9,95.3,84.1,78.9,78.4,83.8,82.6,78.1,78.2,57.6,58.2,78,79.1,73.1,76.2,44.8,78.1,65.8,74.7,88.4,76.5
77.8,78.9,70.4,95.3,84.3,79,78.8,84.2,82.9,78.5,78.8,58.1,58.1,78.3,79.4,73.4,76.4,44.4,78.5,67.4,75.3,88.9,76.6
77.8,79.1,74.1,95.7,84.2,79.2,78.9,84.3,83,78.9,78.7,58.3,59.5,78.5,79.1,73.4,76.7,43.3,78.6,69.2,76,89,76.6
78,79.2,73.1,95.7,84.4,79.2,79.1,84.2,83,79,79,58.5,59.5,78.6,79,73.6,76.8,43.4,78.4,68.2,76.1,89.1,76.7
78.3,79.5,68.7,95.8,84.8,79,79.5,83.7,83,78.5,77.7,58.9,57.8,78.8,79,73.6,76,42.2,78.2,66.4,76.2,88.7,76.9
78.3,79.5,68.8,95.3,84.7,79.1,79.8,84.1,83.3,79,77.7,58.8,57.8,78.9,79,72.7,77.1,41.7,78.6,66.2,76,88.9,77
78.5,79.7,70.7,95.4,84.6,79.6,79.7,84.7,83.4,79.2,79.5,59.1,58.7,78.9,79,72.3,77.2,42.4,79.7,66.5,76.2,89.7,77.2
78.6,79.7,67.6,95.3,84.8,79.8,79.7,84.8,83.5,79.1,79.9,59.3,58.4,79.1,79,72.2,77.5,43,79.8,64.8,76.8,89.7,77.4
78.6,80,61.7,95.8,84.7,79.8,79.8,84.5,83.3,79.2,80.1,59.6,57.4,79.3,78.8,71.3,77.7,44.3,79.8,63.7,77.4,89.9,77.6
78.8,80,61.5,95.8,85.7,79.9,80.1,84.5,83.6,79.4,80.4,59.8,56.9,79.3,78.5,69.7,77.7,44.2,79.4,63.3,77.5,90,77.5
78.7,80.2,62.9,95.7,85.3,79.7,79.7,84.4,83.7,78.9,79.3,60.4,57.1,79.7,78.3,69.8,76.6,43.5,79.7,65.3,77.7,89.2,77.7
78.9,80.6,63.2,95.8,85.7,80.4,79.8,84.6,83.9,79,78.6,60.9,58,80,78.1,68.3,77.7,44.8,80.2,65.3,77.6,89.5,78.1
79.1,80.7,65.6,95.8,85.8,80.9,80.4,85,84.3,79.3,81,61.4,58.7,80.2,77.9,68.6,77.8,45.7,81,64.1,78,90.1,78.3
79.4,80.5,66.8,96.5,85.5,81,81.5,85.3,84.5,79.6,81.4,61.8,61.1,80.3,77.1,69.9,77.9,46.1,81.3,63.8,78.8,90.5,78.6
79.7,80.6,66.3,96.7,85.7,81.1,81.8,85.5,84.6,79.9,81.9,62.1,62.8,80.5,77.5,70.8,78.1,45.8,81.4,62.8,79.4,90.9,78.5
80,80.7,65.6,96.6,85.9,81.1,81.9,85.4,84.7,80,81.9,62.2,63.9,80.6,77.6,70.8,78.2,46.1,81.2,61.9,79.7,90.9,78.5
80,80.9,66.6,96,86.1,80.9,80.9,85.1,84.9,79.7,80.3,62.1,67.5,80.8,77.2,70,77.5,46,80.9,61.5,79.9,90.5,78.6
80.2,81,68.8,96.1,86,81.1,81.1,85.4,85.1,80,80.4,62.1,68.2,81,77.1,69.8,78.5,46.3,81.3,62.1,80,90.5,78.8
80.1,81,69.5,96.1,86,81.6,81.3,85.8,85.2,80.2,82.3,62.4,68.2,81.1,76.7,69.7,78.6,46.9,82.2,64.2,80.1,91.3,79
80.1,80.9,71.5,96.7,85.9,81.8,82.4,86.1,85.3,80.4,82.6,62.7,69.8,81.3,76.3,71.3,78.8,48.3,82.1,65.5,80.7,91.7,79.2
80,81.1,70.3,96.7,85.8,81.9,82.9,85.9,85.3,80.4,82.8,62.9,69,81.6,76.4,72,79,50.7,82,68.1,81.3,91.8,79.2
80.4,81.2,65.8,96.7,86.6,81.9,83,85.9,85.5,80.8,83.1,63,68.3,81.6,76.5,71.9,79,50.4,81.5,73.9,81.5,91.7,79
80.3,81.4,72.5,96.5,86.1,81.7,82.1,85.4,85.4,80.1,82.1,63.6,70.8,81.9,76.5,72.5,78,51.3,81.6,91.3,81.3,91.1,79.2
80.3,81.9,75.6,96.5,86.5,82.4,82.2,85.7,85.9,80.3,81.4,63.9,73,82,76.7,73.9,79.3,51.5,82,89.5,81,91.3,79.5
80.5,81.9,77.1,96.6,86.5,83,82.8,86,86.1,80.5,83.5,64.4,74.9,82.2,77.3,74.8,79.4,52,82.9,82.9,81.2,91.9,79.7
80.6,82,70.9,97.2,86.4,83.2,84.2,86.1,86.2,80.8,84,64.9,72.2,82.4,77.9,73.4,79.4,51.8,83.1,75.2,81.9,92,79.7
80.7,81.9,69.4,97.2,86.3,83.4,84.3,86.2,86.3,80.9,84.2,65.1,70.5,82.7,77.8,73,79.6,49,83.1,69.8,82.4,92.1,79.8
80.9,82,70.7,97.2,86.6,83.4,84.4,86.1,86.4,80.8,84.3,65.4,69.6,82.8,77.5,72.4,79.7,49,82.6,68.9,82.5,91.7,79.7
80.9,82.2,71.1,96.3,86.8,82.8,83.3,85.4,86.3,80.7,82.6,65.7,69.1,82.9,77.4,72.4,78.7,49,82.5,68.4,82.3,91.2,79.8
81.1,82.3,74.1,96.4,86.9,82.8,83.5,85.7,86.5,81,82.7,65.6,69,83.1,77.4,72.2,80,49.3,82.8,72.5,82.1,91.1,79.9
81.3,82.4,74,96.4,86.7,83.4,83.6,86.1,86.8,81.2,84.8,65.8,70.5,83.1,77.4,72.1,80.3,49.8,83.7,73.5,82.3,92,79.9
81,82.4,70.7,97,86.7,83.3,84.6,86.1,87.1,81.3,85.3,66.2,68.4,83.2,77.2,71.6,80.4,50.4,83.6,72.2,82.9,92.1,80.2
81.1,82.6,69.9,97,86.5,83.5,85,86,87.3,81.3,85.4,66.5,70.2,83.4,77.1,72.5,80.5,53.2,83.5,75.1,83.4,92,80
81.3,82.7,70.3,97,87.4,83.3,85.1,86,87.5,81.5,86,66.7,70.6,83.5,77.1,73.3,80.5,53.4,83,75.2,83.5,92.1,79.9
81.1,82.8,71.7,96.6,87.2,83.2,84,85.4,87.3,81,84.8,68,70.5,83.6,76.8,74.3,79.7,53.7,82.8,75,83.3,91.5,80.1
81.6,83.2,73.3,96.7,87.5,84,84.1,86.1,87.9,81.2,83.9,68.6,71.7,83.8,76.8,75.7,80.9,54.1,83.3,74.5,83.1,91.3,80.5
81.9,83.1,74,96.7,87.8,84.2,84.6,85.5,88.1,81.3,86.2,69,71.5,84.1,76.9,76,81,54.6,84.1,74.3,83.2,91.9,81
81.8,83.4,75.5,97.6,88,84.4,86.1,85.5,88.2,81.6,86.6,69.2,73,84.3,77.2,75.5,81,54.5,84.4,74.1,83.9,92,81.1
82.1,83.5,80.6,97.7,87.9,84.4,86.3,85.5,88.4,81.8,86.8,69.6,74.8,84.5,77.4,76,81.2,52.4,84.4,75.9,84.5,92,81.1
82.4,83.6,79.9,97.7,88.1,84.4,86.5,85.6,88.4,81.8,87.1,69.7,76.9,84.6,78.5,76,81.4,53,83.9,75.3,84.8,91.8,81.2
82.3,83.9,78.6,96.7,88.3,83.9,85.3,85.2,88.4,81.6,85.8,69.8,75.7,84.8,78.7,76.5,80.3,53.4,83.7,76.5,84.4,91.4,81.2
82.6,83.9,78.7,96.9,88.3,83.6,85.6,85.6,88.8,81.8,85.3,69.7,76.7,85,78.7,77.5,81.4,53.8,84.1,76.6,84.1,91.3,81.2
82.7,84,78.3,96.9,88.2,84.3,85.8,86,88.8,81.9,87.6,69.9,76.9,85,80,77.6,81.6,54.3,85,76,84.2,92.3,81.5
82.8,84.2,80,97.7,88.1,84.5,86.8,86.2,88.9,82,87.9,70.2,78.3,85,79.8,79,81.8,55.2,85,76.6,84.9,92.4,81.8
82.9,84.2,78.3,97.9,88.1,84.5,87.2,86,88.9,82.1,87.9,70.3,80.2,85.1,80.3,78.7,82,58.2,84.9,75.2,85.6,92.2,81.8
83.2,84.1,76,97.9,89.4,84.4,87.3,86,89,82.6,88.4,70.2,79.1,85.4,80.2,78.2,81.9,58.5,84.1,74.1,85.7,92.3,81.7
83.4,84.4,76.9,97.6,88.3,84,86,85.4,88.6,82,88.6,71,76.3,85.4,79.5,78.3,81.1,58.8,84,74.3,85.5,91.4,81.9
83.6,84.8,78.6,97.6,88.6,84.9,86.2,85.8,89,82.1,86.6,71.2,78.6,85.6,79.2,78.1,82.4,58.6,84.4,72.5,85.3,91.6,82.4
83.8,85,81,97.7,88.8,85.2,86.9,86,89.4,82.4,88.7,71.5,78.6,85.8,79.3,79.4,82.5,59,85.3,73.4,85.5,91.9,82.8
83.5,85,83.6,98.4,88.4,85.5,88.2,86,89.5,82.7,89.3,71.9,81.2,85.8,80.5,79.3,82.6,58.4,85.4,75.3,86.1,92,82.9
83.7,85.2,82,98.5,88.6,85.6,88.4,86,89.6,82.9,89.7,72,82,86.1,81,79.6,82.7,55,85.4,77,86.6,92,82.9
83.9,85.4,83,98.2,88.5,85.5,88.5,86,89.6,83,89.7,72,80.4,86.1,80.6,79.5,82.8,55.3,84.9,78.2,86.7,91.9,82.8
83.8,85.8,85.8,97.2,88.8,85.1,87.3,85.3,89.3,83.1,88.7,72.1,83.7,86.4,81,81.4,81.7,55.6,84.7,77.8,86.7,91.2,82.9
83.8,85.8,88.5,97.3,88.9,85,87.6,85.8,89.8,83.3,87.8,71.9,84.1,86.6,81.9,82.3,83,56,85,79,86.6,91.3,83
83.6,85.9,95.1,97.3,88.7,85.5,87.9,86,89.9,83.3,90,72,87.4,86.4,82.6,83.9,83.1,56.3,85.9,81.2,86.7,92.1,83.1
83.7,86,90.7,98.2,88.8,85.6,89,86,89.8,83.4,90.5,72.2,90.6,86.5,83.4,83.9,83.3,57.7,85.9,80.3,87.3,92.4,83.5
83.6,86.1,85.2,98.3,88.7,85.6,89.4,86.1,89.8,83.5,90.6,72.4,86.5,86.8,83.4,83.9,83.4,61.9,85.8,79.8,87.9,92.4,83.5
83.8,86.1,83.8,98.3,89.5,85.7,89.6,86.1,90,83.8,91,72.3,84.9,86.8,83.1,83.6,83.4,62.6,85.2,79.9,87.9,92.4,83.4
83.7,85.4,88.8,98,88.7,85.1,88.4,85.5,89.7,83.4,90.4,72.2,83.4,86.9,84.2,85.1,82.6,63.6,84.2,81.6,87.4,91.3,83.6
83.8,85.8,85,98.2,89.1,86.1,88.6,86.1,90,83.6,88.6,72.2,86.1,87.1,84.8,85.6,84.2,63.2,84.7,85.5,87.5,91.8,84
84.2,85.6,87,98.2,89.1,86.4,89.2,86.5,90.2,83.8,91.1,72.5,85.1,87.2,85.1,85.6,84.3,63.6,85.4,86.3,89,92.4,84.6
84.5,85.7,92.9,98.9,89.1,86.6,90.7,86.7,90.4,84.1,91.3,72.8,86.9,87.4,84.8,86.3,84.4,63.4,85.6,91.8,89.3,92.7,84.8
84.5,85.9,93.5,99,89,86.5,90.9,86.8,90.6,84.2,91.5,73,89.6,87.6,86.1,86.9,84.4,59.6,85.7,91.2,89.4,92.5,84.9
84.7,85.9,92.6,99,89.1,86.6,91,87,90.7,84.4,91.8,73.1,89.6,87.7,86.1,87,84.6,59.8,85.3,88.9,89.3,92.5,85
84.5,86.1,95,98,89.5,86.2,89.9,86.5,90.5,84.3,90.8,73.2,89.6,87.8,86.2,88.7,83.4,60.1,85,89.6,89,92.2,85.1
84.5,86.2,94.8,98.1,89.4,86.1,90.1,87,90.9,84.6,89.8,73.3,90.6,87.9,88,89,84.7,60.3,85.5,92.6,88.6,92.2,85.3
84.5,86.1,86.2,98,89.3,86.9,90.3,87.5,90.8,84.8,92.3,74.4,87.8,87.9,88.1,89.5,84.8,60.4,86.3,100.4,89.5,93.2,85.5
84.8,86.2,82.8,98.8,89.5,87,91.4,88,90.9,84.9,92.9,74.9,83.1,88,87.3,87.5,84.9,61.2,86.2,98.5,89.9,93.3,85.8
84.8,86.3,82.8,99,89.5,86.8,91.8,88,90.9,85.1,93.1,75.1,82.7,88,86,85.3,85,65.1,86,95.4,90,93.4,85.7
84.9,86.4,85,99,90.3,86.8,91.9,88,91.3,85.5,93.5,75.2,83.2,88.1,85.5,85.2,85.2,65.5,85.6,90.1,90.1,93.5,85.6
84.7,86.5,83.8,98.2,90.1,86.4,90.7,87.7,90.8,84.9,93.2,76,82.8,88.1,85.7,84.7,84.4,66,85.4,83.1,89.3,93,85.9
85.1,87,85,98.5,90.5,87.4,90.9,88.3,91.1,85.2,91.5,76.5,81.3,88.5,84.7,84.6,86,65.9,85.8,80.9,89.4,93.5,86.3
85.5,87.1,90.9,98.5,90.6,87.8,91.5,88.9,91.5,85.5,93.9,77,83.4,88.6,84.7,85.5,86,65.9,86.8,81.1,90.9,94.1,86.7
85.8,87.2,93.1,99.4,90.9,87.9,93,89.2,91.8,85.8,94.2,77.2,85.3,88.7,84.8,87.1,86.2,64.4,87.2,80.3,91.6,94.5,86.8
85.9,87.3,95,99.6,90.8,88,93.2,89.2,91.9,86,94.3,77.6,85.5,88.9,86.2,88.6,86.2,61.9,87.2,80,91.7,94.7,86.8
86.1,87.3,93.7,99.6,90.8,87.9,93.3,89.4,91.9,86.2,94.5,77.8,86.3,89,87,89,86.3,62.1,86.8,79.8,91.7,94.9,86.9
85.8,87.6,93.4,98.8,91.3,87.4,92.1,89,91.7,85.9,93.6,77.9,87.4,89.3,87.4,89.7,85.1,62.4,86.5,80.1,91.4,94.6,87
85.8,87.6,91.3,98.8,91.3,87.3,92.3,89.5,92.3,86.3,92.6,78,87.9,89.4,88.5,89.5,86.5,62.7,86.8,78.2,90.7,94.7,87.1
85.9,87.5,91.4,98.8,91.3,87.8,92.4,89.9,92.3,86.3,94.8,78.1,87.3,89.3,88.1,90.7,86.6,63,87.3,78.1,91.4,95.9,87.4
86.2,87.6,90,99.7,91.3,88.1,93.5,90.2,92.3,86.5,95.2,78.5,90.4,89.4,88.9,91.5,86.7,64.8,87.3,79.8,91.9,96.3,87.6
86.2,87.7,91.3,99.8,91.3,88,93.8,90,92.5,86.6,95.4,78.6,93.1,89.6,90.6,94.3,86.8,67.6,87.1,92.7,92.1,96.5,87.7
86.6,88,92.5,100,92.2,88.1,94,89.9,92.7,87,95.7,78.7,95.1,89.7,92.6,95.9,86.9,67.8,86.6,98.4,92.1,96.6,87.7
86.1,88,93,99.3,91.4,87.7,92.7,89.8,92.2,86.4,94.9,79.3,94.7,90,92.9,96.2,86,68.3,86.7,99.9,91.5,95.1,88
86.3,88.5,93.3,99.7,91.8,89.1,92.9,90.4,92.5,86.6,93.7,79.6,93.4,90.2,92.6,96,87.3,68.5,87.3,97.2,91.6,95.5,88.3
86.9,88.6,95.8,99.8,92.1,89.5,93.7,91.1,93.1,86.9,96.3,80.1,95.1,90.5,92.8,97.1,87.7,69.1,88.3,92.6,93.1,96.4,88.7
87.2,88.5,100.5,100.7,91.7,89.6,94.9,91.2,93.3,87.3,96.7,80.2,96.5,90.6,89.3,99.3,87.8,67.5,88.5,89.6,93.3,96.7,88.8
87.5,88.8,106,101.1,92,89.8,95.2,91.2,93.4,87.6,97.3,80.5,99,90.8,95.2,103.8,88,65.1,88.6,90.2,93.4,96.9,88.8
87.6,89,110.6,100.8,92,89.7,95.4,91.4,93.4,87.9,97.5,80.6,100.4,90.9,98.9,108.8,88,65.6,88.2,91.8,93.4,97.1,89
87.5,89.4,113.1,100.1,92.5,89.3,94.3,91.1,93.1,87.8,96.5,80.8,103.7,91.3,102.6,110.1,87.2,66.2,88.1,96.9,92.8,96.5,89.2
87.6,89.4,109.7,100.3,92.6,89.7,94.6,92,93.7,88.2,95.5,80.8,101.6,91.7,103.5,105.9,88.2,67,88.5,98.4,92.5,97,89.4
88,89.4,108.1,100.4,92.4,90.2,94.7,92.4,93.6,88.3,97.9,80.8,101.8,91.4,101,102.8,88.4,67.5,89,104.5,93.4,98.1,89.5
88.3,89.7,98.7,101.2,92.5,90.3,95.8,92.8,93.8,88.3,98.3,81.1,99.1,91.5,98,101.8,88.5,70,89.1,106.2,93.8,98.7,89.6
88.1,89.7,87.4,101.3,92.5,90.3,96.2,92.6,93.8,88.5,98.4,81.1,90.5,91.5,91.1,96.7,88.6,73.4,89.1,101.2,93.7,98.1,89.5
88.4,89.9,82.3,101.3,93.4,90.2,96.1,92.6,94,88.3,98.8,81.2,85.9,91.7,86.3,91.2,88.6,73.2,88.5,96.6,93.6,96.6,89.2
87.9,89.9,82.8,100.7,92.5,89.9,94.5,92.1,93.6,87.8,97.9,81.5,83.6,91.7,85.2,89,87.8,72.4,88.2,96.5,93.1,95.8,89.5
88.4,90.5,85.1,100.9,93.1,91.1,94.4,92,94,88.2,96.4,81.8,86.4,91.9,85.8,92.2,89.5,72.2,88.8,95,93,95.6,89.9
88.9,90.4,85,100.9,93.1,91.6,94.9,92.1,94.4,88.5,99,82.2,86.3,91.9,85.9,93.7,89.4,72.3,89.9,92.1,94.3,95.9,90.3
89,90.6,82.9,101.9,93.2,91.5,96.3,91.9,94.6,88.8,99.1,82.9,89.6,92.2,86.1,94.6,89.6,70.6,90.2,92.4,94.5,96.1,90.5
89.3,90.7,86.6,101.9,93.1,91.8,96.3,91.8,94.8,89.1,99.2,83.3,89.6,92.4,84.2,93.3,89.7,67.4,90.2,93.1,94.3,95.7,90.5
89,90.9,89.6,101.6,93.1,91.8,96.2,91.8,94.8,89.2,99.2,83.6,92.9,92.4,84.3,95.2,89.8,67.5,89.7,95.5,94.4,95.7,90.5
88.8,91,86.7,101,93.6,91.5,94.8,91.2,94.4,89.2,98.2,85.5,94.8,92.5,84.6,96.9,88.8,67.5,89.6,94.7,94.1,95.4,90.5
89.2,91,88.7,101,93.7,91.6,94.9,91.6,95.1,89.6,97.3,85.7,94.4,92.9,84.2,98.3,90.2,67.8,89.9,95.4,93.7,95.5,90.6
89.4,91.1,87.9,101.1,93.6,92.1,94.8,92,94.7,89.6,99.8,85.7,95,92.7,84.6,98.7,90.2,67.6,90.7,92.9,94.1,96.4,90.9
89.4,91.1,86.2,102,93.6,92.2,95.9,92.3,94.7,89.6,100.2,86,93.9,92.9,84.2,96.9,90.2,69.7,90.7,91.8,94.2,96.6,91.1
89.3,91.1,88.6,102,93.3,92,96.3,92,94.7,89.7,100.6,86,96.6,92.7,84,98.7,90.3,73.4,90.6,94.9,94.3,96.5,91
89.7,91.3,87.2,101.9,94.3,91.9,96.3,92.1,95.1,90,101.1,86,97.3,93,84.2,98.9,90.2,73.7,89.9,96.3,94.5,96.6,90.8
89,91.3,89.6,101.3,93.1,91.7,94.5,92.1,94.4,89.6,99.6,86.5,97,93.1,84.5,100,89.2,74.6,89.8,103.1,93.5,95.1,90.9
89.4,91.7,88.5,101.5,93.7,92.9,94.4,92.4,95.1,89.9,98.1,86.8,95.4,93.2,85.6,99.8,90.6,75.2,90.4,111.6,93.5,95.4,91.1
90.2,91.6,90,101.4,93.9,93.3,95,92.7,95.4,90.2,101.4,87.2,94.9,93.4,86.1,100.9,90.8,75.7,91.6,116.5,94.7,95.9,91.3
90.2,91.7,91,102.3,93.7,93.3,96.1,92.9,95.4,90.6,102.4,87.5,95.5,93.7,86.6,101.7,90.8,74.1,91.9,115.2,94.9,96,91.3
90.4,92,91.9,102.2,93.7,93.3,96.4,93,95.5,90.8,103.1,87.6,95.9,93.7,88.2,101.9,90.8,70.5,91.9,107.7,95,96.4,91.3
90.5,92,90.8,101.8,93.7,93.2,96.4,93.2,95.5,91,103.2,87.6,93.6,93.7,88,101.5,90.9,70.7,91.4,104.8,95.1,96.4,91.3
90.1,92.2,93.5,101.1,94.1,93,95.6,92.3,95.3,90.8,102.4,87.7,95,94.1,87.7,101.9,90.5,71.1,90.9,103.1,95.3,96.2,91.3
90.3,92.3,93.1,101.1,94.3,93.4,95.8,92.9,95.8,91.3,101.3,87.8,94.7,94.4,87.8,101.8,91.7,71.7,91.1,101.7,94.9,96.2,91.5
90.6,92.4,92.8,101.1,94.1,93.8,95.9,93.3,95.6,91.3,103.8,87.7,94.4,94.1,87.7,102.2,91.7,72.2,91.8,103,95.2,97.2,91.6
90.9,92.5,94,101.8,94.2,93.7,96.9,93.6,95.6,91.4,104.1,87.8,94.6,94.3,87.5,102.6,91.8,74.7,91.9,104.1,95.7,97.5,91.7
90.7,92.5,94.5,102,94.1,93.7,97.5,93.7,95.6,91.6,104.2,87.8,95.9,94.3,87.3,102,91.9,78.5,91.7,106.3,95.9,97.6,91.7
91,92.6,96.3,102.1,94.4,93.6,97.5,93.7,95.9,92.1,104.3,87.8,96.9,94.5,87.5,104,91.9,78.7,91.2,118.9,95.9,97.8,91.6
90.4,93,97.7,101.5,93.8,93.4,95.7,93.6,95.3,91.9,102.8,87.8,100.6,94.6,88.3,107.3,91,79.4,91.1,121.4,96.1,97.2,91.7
91.1,93.3,97.9,101.8,94.3,94.6,95.7,93.9,95.7,92.4,100.6,87.9,100.6,94.8,88.8,108.2,92.7,79.9,91.7,117.3,95.9,97.9,92.1
92,93.4,101.5,102.3,94.6,95.1,96.3,94.3,96.3,92.7,104.6,88.3,102.1,95,91,110.7,93,80.5,92.8,116.9,97.7,98.5,92.3
92.4,93.3,106.5,102.5,94.5,95.3,97.7,94.5,96.5,93.4,105,88.7,103,95.5,92.4,111,93.2,77.9,93.2,114,98.1,99.1,92.5
92.5,93.5,107.2,102.4,94.5,95.4,97.8,94.7,96.6,93.4,105.2,88.9,104.8,95.4,92.9,111.4,93.2,73.2,93.2,113,98,99.4,92.7
92.8,93.7,105,102.2,94.7,95.1,97.9,94.9,96.7,93.3,105.2,88.9,103.4,95.6,92.4,110.9,93.3,73.6,92.7,110.3,97.9,99.3,92.8
92.4,93.9,105.6,101.5,94.9,94.9,96.7,94.8,96.2,93.3,103.3,89,101.5,96,93.1,111.9,92.2,74.1,93,106.4,97.7,99.2,92.9
92.7,93.9,105.6,101.3,95.1,95,97,95.2,96.8,93.8,101.4,89.1,103.3,96.3,94,112.8,93.7,74.5,93.3,104.9,97,99.4,93.2
93.1,93.9,104.4,101.6,95.1,95.4,97,95.6,96.6,94,105.8,89,105.2,96.2,93.3,112.9,93.8,74.9,93.7,101.7,98,100.4,93.4
93.1,94.1,105,101.5,95.1,95.3,98.1,95.9,96.7,94.1,105.8,89.5,105.4,96.7,92.9,114.8,94.1,78.7,93.8,100.5,98.6,100.5,93.6
93,94.2,103.1,101.3,95.1,95.2,98.5,95.7,96.9,94.2,105.8,89.6,106.5,96.4,93.1,114.7,94.2,84.6,93.4,103,98.4,100.6,93.6
93.3,94.4,102.2,101.1,95.4,95.1,98.7,95.7,97.4,94.6,105.6,90,105.8,96.7,93.6,114.1,94.2,85.3,93.1,101.3,98.4,100.9,93.6
92.4,95,104,100.5,95,95.4,96.6,96,96.7,94.1,103.8,91.4,106.7,96.5,93.3,114.4,93.1,85.8,92.8,104.3,98.2,99.3,93.8
92.9,95.4,105,100.7,95.4,96.5,96.5,96.3,97,94.5,101.3,91.7,108.5,96.7,93.4,115.9,94.8,86.3,93.3,109.6,98.1,99.8,94.1
93.9,95.4,106.7,101.2,95.9,96.9,97.1,96.6,97.8,94.8,104.9,92.3,111.2,97.1,96.2,117.3,94.9,86.7,94.5,103.1,99.4,100.2,94.4
94.2,95.5,107.7,101.3,95.6,97,98.4,97,97.9,95.2,105.9,92.8,114.6,97.5,97.3,118,95.1,83.8,94.9,102.5,99.5,100.6,94.7
94.3,95.7,105.5,101.3,95.9,97.3,98.6,97.3,98,95.3,105.6,92.9,113.3,97.4,96.3,117.7,95.2,78.9,94.9,98.2,99.4,100.7,94.8
94.6,95.8,104.2,101.1,95.8,97.1,98.6,97.5,98.2,95.1,105.5,93.2,111.3,97.7,94.2,116.1,95.3,79.5,94.4,94.9,99.3,100.4,94.9
94.2,96,104.4,100.6,96.2,96.9,97.7,97.1,97.7,95.2,103.7,93.5,109.8,98.1,93.8,114.5,94.2,80,95,88.6,98.9,100.1,94.9
94.2,96.1,106.5,100.4,96.4,97,97.9,97.2,98.3,95.6,101.8,93.7,113.3,98.4,94.9,116.2,95.6,80.7,95.1,91.5,98.4,100,95
95,96.1,107.5,100.7,96.3,97.3,98.8,97.5,97.9,95.8,105.3,93.8,118.3,98,97.4,118,95.8,80.6,95.5,91.9,99.1,100.5,95.3
95.2,96.2,106.7,100.8,96.4,97.4,100.3,97.6,98,96.3,105.6,94,115.8,97.9,97.2,118,96,83.4,96,98.4,99.5,100.5,95.5
95.4,96.3,102.9,100.7,96.5,97.3,100.5,97.3,97.9,96.4,105.2,94.1,113.1,97.8,96.4,116.6,96.2,89.5,95.6,99.2,99.5,100.3,95.5
95.6,96.4,101.6,100.5,96.9,97.2,100.5,97.4,98.4,96.6,105,94.3,112.6,98,96.7,116.1,96,90.1,95.3,105.9,99.6,100.4,95.4
94.8,96.2,102.2,100.1,96,96.5,98.4,97.1,97.6,95.9,102.6,94.8,112.5,98.1,96.9,116.2,94.9,90.6,95.3,108.1,97.9,99.2,95.6
95.1,96.6,107.1,100.3,96.5,97.7,98.4,97.3,97.8,96.4,100,95.4,114.8,98.1,98.1,116.9,97,91,96,108.6,97.7,99.6,95.9
96.2,96.8,107,100.6,97.2,98.1,99,97.7,98.7,96.8,103.4,95.8,115.8,98.3,98.3,118.8,97,91.8,97.3,110.4,99.7,100.2,96.2
96.2,96.6,105.7,100.7,96.5,98.1,100,98,98.5,96.9,104.2,96.2,112.6,98.5,98.6,117.6,97.1,89.2,97.6,110.9,99.9,100,96.3
96.5,96.9,106.6,100.9,96.9,98.2,100.3,98,98.7,97.2,103.9,96.2,111.3,98.6,99.9,115.9,97.2,85.3,97.6,107.4,99.9,100.1,96.4
96.4,97.1,108.5,100.9,97,98.1,100.3,98,98.8,97.1,103.6,96.5,114.9,98.8,100.7,115.8,97.4,86,97.1,105.9,99.9,100,96.4
95.9,97.4,109.9,100.3,97.5,97.7,99,97.9,98.6,97,101.5,96.5,114.5,99,101.9,116.9,96,86.6,98.1,107.2,99.4,99.6,96.5
96.1,97.4,109.1,100.3,97.6,97.9,99.1,97.9,99.1,97.3,99.2,96.3,115.8,99.5,103.5,117.7,97.7,87.1,98.1,106.9,98.5,99.9,96.7
96.9,97.4,109.1,100.5,97.6,98.2,99.1,98.4,98.8,97.7,102.9,97,117.9,99.1,104.6,117.3,97.7,87.6,98.2,108.2,99.4,100.3,96.9
96.9,97.6,105,100.7,97.5,98.4,100,98.6,98.8,97.8,103,97.1,114.5,99.1,104,116.5,97.9,91.3,98.1,109.1,99.7,100.3,97.1
97,97.7,105.3,100.8,97.9,98.2,100.4,98.4,98.8,98,101.4,97.4,113.6,98.8,103.7,116.5,98,96.7,97.6,108.3,99.5,100.2,97.1
97.6,97.8,106.3,100.4,98.1,98.1,100.3,98.7,99.1,98.1,102.5,97.6,114.5,98.8,103.3,116.6,98,97.5,97.4,107.5,99.8,100.6,97
96.5,98,107.2,100,97.4,97.9,98.2,98.4,98.3,97.4,100.5,97.8,114.7,98.9,103.6,118.8,96.8,99.3,97.2,109.1,98,99.2,97.2
96.8,98.2,108.8,100.2,98,98.6,98.2,98.7,99.1,97.9,98.6,97.7,114.1,98.9,103.7,118.6,98.4,100.1,97.6,107.3,97.8,99.6,97.5
98,98.3,111.9,100.6,98.4,98.9,98.8,99.2,99.7,98.2,101.9,97.9,115.3,99.1,104.3,118.6,98.5,100.7,98.6,104.5,99.5,99.7,97.8
98.2,98.4,114.5,100.7,98.1,99,100.1,99.5,99.7,98.7,102.4,98,114.9,99.5,106.4,118.2,98.5,97.5,99.1,102.3,99.9,100.2,98
98.4,98.6,115.6,100.9,98.1,98.9,100.2,99.3,99.7,98.7,101.5,98.1,115.5,99.4,110,118,98.6,92.8,98.7,101.7,99.9,100.1,98.3
98.5,98.7,115.8,100.7,98.3,98.7,100.3,99.3,99.7,98.9,102.5,98.3,115.2,99.5,110.5,117.4,98.7,93.2,98.4,100.8,99.9,100.3,98.3
97.9,98.9,115,100.2,98.7,98.5,99,99.1,99.4,98.6,100.7,98.5,115.8,99.6,110.9,117.1,97.5,93.8,99.4,104.8,99,99.8,98.3
98,98.8,112.6,100.2,98.9,98.5,99.1,99.5,100.2,99.1,99.1,98.6,114.2,99.9,110.6,116.6,99,93.9,99.5,105.8,98.8,99.8,98.4
98.7,98.9,112,100.4,98.8,99,99.1,100.1,99.6,99.2,102.1,98.3,114.1,99.4,110,115.6,98.8,94.2,99.5,107.3,99.6,100,98.6
98.7,99,109.5,100.7,98.7,99.1,100,100.1,99.6,99.4,101.8,98.6,113.6,99.5,109.1,114.5,98.8,98.4,99.4,104.6,99.9,100.3,98.8
99.1,98.9,104.7,100.8,98.9,99,100.4,100,99.4,99.3,100.7,98.7,111.3,99.2,107.7,112.9,98.8,103.7,98.8,104.8,99.8,100.1,98.8
99.4,99,99.5,100.6,99.3,99.1,100.4,100.1,99.8,99.5,101.1,98.6,110,99.4,106.2,110.7,98.7,103.7,98.8,104.7,100.1,100.6,98.6
98.3,99.2,93.3,100.2,98.4,98.7,98.4,99.3,98.7,98.9,99.3,98.9,104.7,99.2,103.1,104,98.1,103.4,98,104.9,98.3,99.3,98.8
98.6,99.6,97.1,100.1,99,99.7,98.4,99.7,99.3,99.3,97.6,99.2,98.5,99.6,101.7,101.1,99.8,103.4,98.4,103.4,98,99.8,99.1
99.8,99.4,100.2,100.4,99.4,100.1,99,99.9,100,99.4,100.5,99.4,101.7,99.5,103.4,101.3,99.8,104.7,99.6,102.4,100.2,99.9,99.5
99.9,99.7,99.1,100.2,99.9,100.2,100.3,99.9,100.1,99.7,101,99.8,102.1,99.9,103,101.3,99.9,100.6,100.3,102.4,100.4,99.7,99.8
100.1,99.7,102,100.3,100,100.3,100.7,99.7,100.3,99.9,100.1,100,103.2,99.9,103.6,100.5,100.1,95.9,100.5,99.6,100.7,100.1,99.9
100.2,100,105.4,100.3,100.2,100,100.8,99.7,100.3,99.9,100.9,100.1,103.3,100.2,102.8,101.6,100.3,96.1,100,97.8,100.5,99.9,100
99.9,100.2,106.5,99.7,100.5,99.9,99.6,99.7,100,100,99.2,100.4,103.2,100.4,101.1,99.8,99.2,96.2,101,95.9,99.7,99.9,100.1
100,100.2,104.4,99.6,100.8,100,99.7,100.1,100.7,100.3,97.9,100.5,100.9,100.8,98.8,98.7,100.7,96.3,100.8,95.7,99.5,99.7,100.2
100.5,100.1,99.9,99.8,100.7,100.3,99.8,100.5,100.1,100.4,101,100.2,97,100.3,96.4,98,100.7,96.2,100.8,96,100.7,100.4,100.5
100.6,100.5,98.1,99.9,100.8,100.3,100.8,100.7,100.1,100.6,101.3,100.5,95.7,100.4,95.9,98.7,100.6,99.3,100.7,99.6,100.8,100.4,100.7
100.7,100.7,98,99.8,99.9,100.2,101.3,100.3,100,100.7,100.3,100.6,94.8,99.8,95.6,98,100.6,104.2,100,102.5,100.7,100.1,100.8
101.3,100.8,95.9,99.7,100.3,100.2,101.2,100.4,100.4,101,100.9,100.5,94.9,100,94.5,97,100.5,103.8,100,99.8,100.6,100.6,100.6
100.4,101.1,93,99.3,99.7,99.8,99.2,100,99.3,100.3,98.4,100.7,92.9,100,92.1,93.5,99.2,103,99,109,99.2,99.7,100.9
100.5,101.3,90.1,99.6,100.1,100.7,99.3,100.3,99.8,100.6,98.2,100.8,92.5,99.9,90.5,92,100.9,102.7,99.7,102.7,99,100.4,101.4
101.4,101.7,92.4,99.9,100.8,100.9,100,100.7,100.5,101.1,100.1,100.9,91.1,100.2,89.6,89.8,100.9,102.4,100.9,106.1,101.1,100.8,101.7
101.3,101.8,95.9,100.2,100.8,100.9,101,101,100.5,101.2,101,101.4,93.4,100.3,89.7,90.2,101,99.5,100.9,105.8,101.2,100.8,102
101.5,102,98.3,100.1,101.3,100.9,101.3,101,100.6,101.4,100.1,101.4,93.6,100.5,90.3,90.4,101.1,94.2,101,105.9,101.4,100.9,102.2
101.6,101.9,100.8,100.1,101.3,100.9,101.4,100.9,100.7,101.5,101.2,101.5,95,100.5,90.5,92.6,101.2,94.7,100.5,109.4,101.2,101,102.3
101.2,102.2,98.6,99.6,101.9,101,100.3,100.9,100.4,101.5,98.5,101.7,94.7,101,89.6,88.4,100,95.7,101.4,109.4,100.5,101,102.3
101.1,102.4,98.4,99.5,102,100.7,100.6,101.2,100.9,101.8,98,101.7,92.5,101.2,88.7,87.5,101.5,96.7,101.6,107.4,100.1,100.9,102.5
101.8,102.2,98.6,99.6,101.9,100.7,100.7,101.3,100.6,102.1,100.9,101.6,94.7,100.8,88.4,87.2,101.4,96.3,101.2,107.5,101.2,101.2,102.7
102,102.3,100.5,99.6,102,100.9,101.7,101.4,100.5,102.2,100.9,101.9,94.1,100.6,88.4,91.5,101.3,100.4,101.4,112.2,101.5,101.2,102.9
102.1,102.3,98.2,99.4,101.1,100.6,102.3,101.3,100.4,102.4,99.4,102,95.4,100.3,89.2,93.2,101.5,106.1,101,118.6,101.2,101.2,102.9
102.6,102.3,99.8,99.4,101.6,100.3,102.4,101.5,100.7,102.8,100.5,102.1,94.8,100.7,90.3,91.5,101.4,106.3,101,115.9,101.1,101.7,102.8
101.9,102.7,104.2,99.1,100.6,100.3,100.5,100.8,99.8,102.1,97.9,102.1,97.8,100.5,91.4,93.4,100.3,119.6,100.4,119.1,99.7,100.5,103.2
102.2,102.9,101.1,99.6,101.1,101.1,100.5,101.1,99.9,102.7,97.5,102.3,97.9,100.7,91.9,94.1,101.9,120.2,101.1,119.2,99.6,101.3,103.7
103.1,103,100.2,100,101.7,101.4,101,101.4,100.9,103,100.3,102.4,97.3,100.9,93.1,94.6,102,119.8,101.6,117.7,101.8,101.5,103.7
103.3,103.4,105.2,100.3,102.2,101.7,102.4,101.7,101,103.6,101.2,102.9,96.1,101.5,93.9,93.8,102.4,115.2,102.2,115.7,102.9,102.2,103.9
103.4,103.5,101.6,100.4,102.3,101.7,102.4,101.7,101.1,103.9,100.6,103.2,96.7,101.3,95,93.9,102.6,109.2,101.8,115.7,102.7,102.4,104
103.7,103.5,99.5,100.3,102.8,101.5,102.7,101.9,101.3,104,102,103.4,96.3,101.4,95,93.2,102.7,108.9,101.4,114.5,102.4,102.7,104
103.3,103.9,98.9,99.9,103.3,102.4,101.7,101.5,100.9,103.9,99.5,103.7,94.4,101.8,94.9,92.1,101.8,108.1,102.4,114.9,101.5,102.9,104
103.2,103.9,100.6,99.9,103.4,102.1,101.9,101.7,101.5,104.5,98.6,103.9,95.9,102.2,94.9,92.7,103.2,109,102.5,116.1,101.4,102.7,104.2
104.2,103.7,103.4,100.1,103.4,102,101.9,101.9,101.2,104.7,101.2,103.7,96.5,101.6,95,93.7,102.9,110.9,102.1,119,102.5,102.7,104.4
104.2,103.9,101.5,100.1,103,102.1,102.6,101.9,101.1,104.7,101.5,104,97.2,101,95.9,94.8,103,116.6,102.3,115.2,102.9,102.7,104.7
104.2,103.7,105.6,100,102.3,101.6,103,101.9,101.1,104.9,100.1,104,97.2,100.6,96.7,94,102.5,124,102,122.9,102.3,102.7,104.6
104.8,103.9,104.2,100,102.9,101.4,103.1,102,101.4,105.2,100.8,104.1,98.2,101.1,97.2,94.6,102.6,125,102,121.4,102.3,103.1,104.7
103.9,104.2,106.7,99.6,102,100.9,101.2,101.5,100.8,104.5,98,103.9,98.1,100.9,97.5,95,101.2,128,101.5,126.3,100.7,101.8,105.1
104.3,104.4,106.5,100.1,102.4,101.9,101.6,101.8,100.8,105,98,104.1,98.5,101.1,98.4,95.5,102.9,130,102,130.6,100.1,102.6,105.6
105.1,104.4,107.7,100.6,103.2,102,102.2,102,102.1,105.2,100.3,104.3,97.5,101.5,98.4,95.1,103,130.4,102.3,133.4,102.6,102.8,105.9
105.2,104.6,111.8,100.7,103.3,102.4,103.1,102.3,102.2,105.6,101.5,104.8,98.9,101.8,98.9,94.6,103,125.6,102.9,131.4,103.1,103.3,106.1
105.2,104.8,113.3,100.8,104,102.4,103.6,102.2,102.4,105.9,100.7,105,100.2,101.9,100.3,95.5,103.2,122.6,103.1,130.4,103.3,103.4,106.3
105.3,104.6,111.9,100.7,104,102.3,103.7,102.4,102.3,105.8,102,105.3,101.5,102.1,101.9,96.8,103.2,125.4,102.7,136.6,103.3,103.7,106.4
105.1,105.1,112.9,100.4,104.6,103.3,102.6,102.4,102.1,105.8,99.1,105.8,100.4,102.4,101.7,93.8,102.3,127,104,142.2,102.5,103.8,106.4
105.2,105.2,111.9,100.5,104.7,102.9,102.7,102.4,102.7,106.5,98.6,105.9,101.4,102.9,101.9,94.2,104,129.5,104,143.5,102,103.5,106.5
105.9,105,111.3,100.4,104.5,102.4,102.7,102.5,102.2,106.5,101.4,106,101.5,102.3,102.7,98.3,104.1,132,103.5,143.7,103.4,103.9,106.7
106,105.2,109.5,100.5,104.7,102.7,103.6,102.7,102.2,106.6,101.8,106.5,101.6,101.8,104.5,100.2,104,136.5,104,140.6,103.3,103.9,106.9
106.2,105.3,104.2,100.2,103.6,102.4,104,102.7,102,106.8,100.3,106.5,100.7,101.4,104.6,98.1,104,140.4,103.7,145.5,102.8,103.8,107
106.6,105.6,100.4,100.3,104.1,102.2,104.1,102.9,102.2,107.1,101.4,106.8,96.7,101.6,103.1,93.7,104.1,139.5,103.7,145.8,102.9,104.4,107
105.8,105.7,99.4,100.1,103.3,102.3,102.1,102.3,101.6,106.4,98.3,107.1,96.6,101.5,102.3,90.2,102.8,137.4,103,148.6,101.5,103,107.4
105.9,106.1,100.4,100.5,103.7,102.7,102.3,102.7,101.6,106.9,98.2,107.4,97.3,101.5,102.7,89.8,104.7,138.6,103.9,144,101.1,103.8,107.8
106.8,106.3,106.5,101.1,104.2,102.9,102.9,102.8,102.6,107,100.8,107.9,98.9,101.9,103.5,90.4,104.8,141,104.4,141.4,103.3,104,108.1
106.8,106.5,112.5,101.2,105.2,103.2,104.3,103.2,102.9,107.5,102,108.5,100.3,102.6,103.4,92.2,105,136.4,105,140.4,103.9,104.9,108.3
106.9,106.5,113.2,101.4,105.2,103.1,104.4,103.2,102.8,107.7,100.9,108.9,102,102.4,104,95.2,105.2,130.6,104.8,139.9,103.8,105.2,108.4
107.2,106.7,107.3,101.5,105.7,102.9,104.7,103.3,103.2,107.7,102.4,109,100.8,102.7,103.1,95.6,105.3,128.6,104.7,133.6,104,105.5,108.6
106.7,106.9,109.3,100.9,106.3,103.6,103.6,103.1,102.9,107.8,100.1,109.4,99.9,102.9,102.3,91.4,104.4,128.1,106,136.2,102.4,105.4,108.8
106.8,107,106.6,100.9,106.2,103.3,103.7,103.4,103.4,108.1,99.3,109.5,100,103.5,101.6,91.5,105.9,127.6,106.6,136,102.3,105,109
107.5,106.7,106.2,100.8,106.2,103.2,103.8,103.6,103,108.3,102.1,109.7,98.4,102.8,100.7,95.8,105.7,128,105.8,133.4,103.6,105.6,109.2
107.7,107,106.3,100.7,106.4,103.5,104.7,103.6,103.1,108.4,102.2,110.1,99.5,102.5,101.6,96.3,105.7,132.2,106.4,137,103.7,105.6,109.4
108,107.1,105.8,100.6,105.3,103.2,105.1,103.4,103.1,108.6,101.2,110.2,98.9,102.1,102.3,96.1,105.8,138,105.8,142,103.4,105.5,109.4
108.8,107.3,105.9,100.7,105.9,103,105.2,103.4,103.5,108.6,102.1,110.4,99.1,102.4,102.5,96.4,105.9,138.8,105.9,138.7,103.2,106.2,109.4
107.9,108,106.1,100.4,104.8,103,103.2,102.9,102.8,108.2,98.9,110.9,97.4,102.3,103.1,97.4,104.5,138.6,105.3,130.5,101.9,104.6,109.8
108.2,107.9,104.8,100.7,105.1,103.9,103.4,103.3,103,108.6,98.5,111.3,95.8,102.3,102.5,96.9,106.4,137.9,106,119.8,101.2,105.4,110.3
108.9,107.8,94.1,100.9,105.6,103.8,104,103.5,103.5,108.8,101.8,111.8,95.2,102.5,101.7,94.5,105.9,132.1,106.5,113.5,103.3,105.5,110.3
109,108,85.8,100.6,105.9,104.1,105.2,103.4,103.5,109,102,112,86.8,103.2,98.6,89.3,106.4,115.8,107.3,105.5,103.7,105.4,109.8
108.6,108,91.7,100.6,106,103.9,105.3,103.6,103.8,109.1,101.3,112.1,85.8,103.1,97.1,85.4,106.4,115.9,107.1,107,103.3,106,109.7
109,108.1,97.8,100.5,106,103.9,105.5,103.6,103.9,109.3,101,112.2,89.2,103.3,97.8,87.6,106.6,122.8,107.4,103.4,104.2,106.7,109.9
109.1,108.3,100.2,100.3,105.5,104.6,104,103.9,104.5,109.7,98.9,113.4,91.2,103.3,97.8,84.2,105.9,127.6,108.9,104.6,102.5,107,110.5
108.9,108.4,99.9,100.5,105.5,104.3,104,103.9,104.3,109.2,98,113.6,91.4,103.8,98.1,84.2,107.1,128,108.2,105.4,102.2,106.4,110.9
109.5,108.3,100.2,100.4,105.6,104.3,104.1,103.9,103.8,109.8,100.6,113.1,91.7,102.9,97.2,87.3,107.1,127.6,108,108.5,103.4,106.7,111.1
109.8,108.4,100,100.5,105.8,104.4,104.8,104,103.7,110,100.9,113.5,91.5,102.8,95.7,86.6,107.1,131.3,108.7,112.6,103.6,106.8,111.2
110,108.5,99.8,100.4,105.6,104.5,105.2,104.1,103.8,109.9,99.5,113.4,90.4,102.6,94.5,86,106.9,133.8,107.8,104.6,103.3,106.8,111.2
110.5,108.7,101.7,100.3,105.7,104.2,105.2,104.2,104,110.2,100.1,113.9,91.2,102.8,94.1,87.5,107.1,135.3,108,116.8,103.1,107.4,111.1
109.7,108.9,103.2,100.2,106.3,104.3,103.6,104.2,104,109.8,97.7,114.6,90.8,103.2,94.2,89.9,107.4,142.3,107.7,142.9,102.4,106.4,111.4
109.5,109.1,107.3,100.3,106.8,104.7,103.6,104.4,103.8,109.9,97.6,115,92.5,103.3,95,91,106.2,147.3,108.4,148.2,101.9,106.7,111.7
110.7,109,112,100.5,107.2,104.8,104.1,104.5,104.3,110.2,99.1,115.4,95,103.5,97.1,92.8,107.6,151.3,108.8,139.2,103.4,106.9,112.2
110.7,109.2,113.9,100.8,107.4,105.2,105.2,105,104.4,110.6,100.4,116.5,95.3,103.6,99,93.7,107.7,148.1,109.3,140.3,103.8,107.3,113.1
110.9,109.4,115.9,101,107.7,105.3,105.5,105.2,104.6,111.3,99.6,116.9,95.4,103.4,100.8,93.8,107.9,142.4,109.2,144.5,104,107.4,113.9
111.6,109.6,116.9,101,108,105.3,105.6,105.2,104.8,111.8,100.5,118,96.2,103.6,102,94.9,108,143.8,109.3,145,103.9,107.5,114.8
111.6,110.1,119.9,100.7,108.5,105.5,104.4,105.5,104.7,111.8,98.3,118.4,97.8,104,103.5,94,107.3,145.9,109.6,154,103.3,107.3,115.2
111.6,110.4,120.6,101,108.5,105.4,104.5,105.7,105.3,112.4,97.6,118.6,98.2,104.3,103.5,95,108.5,140.9,110,166,103.1,107.7,115.4
112.2,110.3,120.4,101.1,108.9,105.6,104.9,106,105,112.8,100.7,118.8,97.8,103.9,104.5,98.2,108.7,142.5,109.8,181.7,104.3,108,115.5
112.4,110.8,125.5,101.3,109.1,106.1,106.1,106.4,105,113.4,101.1,119.7,98.7,103.9,106.6,100.4,109.1,149,110.7,174.9,104.7,108.4,116.3
112.9,111,126.1,101.3,109.1,106,106.8,106.7,105.2,113.9,100.1,120.2,100.8,103.8,109.2,103.6,109.4,154.4,110.4,189.7,105,108.5,116.7
113.7,111.6,123.2,101.3,109.4,105.8,106.9,106.8,105.4,114.4,101.1,120.8,98.8,104.1,109.5,100.3,109.7,150.9,110.6,199.5,105,108.9,117.2
113.4,112.2,127.1,101.3,109.1,106,105.7,107,105.3,114.2,98.9,121.9,98.6,104.6,111.1,100,108.8,152.1,110.3,174.5,105,108.9,118.1
114,112.5,133.1,101.9,109.6,107.3,106.1,107.2,105.8,114.9,98.7,122.8,103,104.8,114.4,102.7,110.9,154.7,111.1,173.3,105.1,109.9,118.9
115.2,112.9,143.1,102.1,110.6,107.7,106.9,107.8,106.4,115.8,100.8,123.7,106.1,105.2,117.3,111.3,111.3,159.4,111.6,186.4,107.4,110.7,119.4
115.4,113.4,143.9,102.4,111.3,108.6,108.6,108.5,107.1,116.6,102.2,125.3,107.4,105.7,117.9,115.9,112.2,157,113.1,198.1,109,111.7,120.1
116.4,113.8,156.2,102.8,111.9,109.3,109.2,109.5,107.6,117.1,102,126.8,106.5,106.1,118.1,117.4,112.7,151.5,113.2,194.8,109.8,112.6,120.7
117.4,114.4,162.3,102.9,111.8,109.6,109.8,109.5,107.7,117.6,104,128.4,112.1,106.7,118.8,121.6,112.9,152.1,113.3,205.8,110.2,113.4,121.6
117.9,115.4,153.5,102.8,112.4,110.4,109.1,110,108.2,117.9,101.8,130.9,115.6,107.3,120.3,120.8,111.9,152.9,114.8,203.5,109.8,113.7,122
118.4,115.9,143.5,103,112.7,110.5,109.4,110.5,109,118.7,101.7,132.7,105.7,107.9,121,112.8,113.7,152.5,115.4,209,109.8,114.8,122.7
119.3,116.2,137.2,103,114,110.8,109.6,111,108.2,119.3,105.5,133.9,104.2,108,122.1,114.3,113.7,151.4,116,224.6,111.5,115.9,123.2
120.2,117,145.8,102.9,114.4,111.4,110.6,111.8,108.5,120,106.1,135.5,104,108.1,122.8,117.1,113.8,153.8,117.2,226.2,112.1,117.4,123.6
120.9,117.6,143.6,103,114.5,111.4,111.1,112.3,108.7,120.4,105.8,137.2,105.2,108.1,123.8,117.3,113.9,158.2,116.5,224.9,112.6,117.9,123.7
122.4,118.4,132.3,103.1,115.1,111.8,111.6,113.2,109,121,106.2,138.3,108,108.8,126.1,114.6,113.8,155.5,117.2,212.5,112.7,119.2,123.9
122.7,119.7,134,103.1,115.3,112,111.1,113.3,108.7,120.3,104.6,140.9,112.4,109.3,127.3,115.2,112.8,156.1,117.1,203.1,112.3,119.7,124.7
123.9,120.3,132.4,103.9,116.1,113.5,111.6,114.2,109.6,121.5,105,142.7,111.7,109.8,113.6,114.4,114.9,157.3,118.5,194.8,112.7,121.5,125.5
125,120.9,133.3,104.1,117,113.4,112.4,115.4,110.4,122.3,107.4,144.8,110.8,110.2,112.9,113.7,115.2,156,118.9,204.6,114.9,122.3,126.1
125.9,121.2,137.8,104.3,117.6,114.1,113.6,116.3,111.3,123.9,108.3,146.7,109.6,110.8,112.7,114.6,116.5,150.6,120.5,208.3,116.1,123.5,126.7
126.5,122.4,136.8,104.5,117.7,113.9,113.8,116.9,111.5,124.7,108.7,147.4,109.5,111.3,108.4,115,116.9,143.5,120.9,202.5,115.7,125,127.2
127.1,122.5,138.6,104.4,118.1,114.3,114.5,117.5,111.7,125.1,109.1,148.2,109.8,111.7,111.1,113.9,117.2,141.8,120.4,199.3,115.9,126,127.5
127.3,123.5,141,104.2,118.6,116,114.3,118.2,112,125.5,107.2,149.2,109.8,111.8,109.8,110.4,116.5,141.2,121.7,185,114.9,126.6,127.7
127.2,123.9,146.1,104.3,118.9,115.1,114.6,118,112.6,125.7,106.9,149.4,110.4,112.1,109.1,115.3,118,143.5,122.2,177,114.7,126.7,128
127.9,123.5,144.7,104.1,119.1,114.7,114.4,118.5,111.6,126.3,109.5,149.8,111.2,112.2,107.8,120.9,117.9,144.6,121.6,163.3,116.1,127.7,128.3
128.2,124.2,138,104.3,119.3,115.1,114.8,119.2,111.9,126.8,109.8,150.4,111.5,111.9,112.2,121.8,118,149.9,122.5,177,116.1,128.1,128.5
128.7,124.2,135.4,104.2,118.8,114.7,114.9,118.8,111.7,126.6,109.3,150.9,111.5,111.5,111.3,119.4,117.7,155.7,121,199.6,115.8,127.5,128.6
129.6,124.7,131.8,104.5,119.1,114.6,115.2,119.4,112,127.3,109.4,151.3,111.1,111.9,111.4,116.3,117.9,155.7,121.2,197.7,115.6,128.8,128.8
